1042869696,194.178.46.142,717,CO
1390513858,30.63.36.190,975,ME
1272964259,157.121.114.136,326,TX
1434833050,10.4.95.150,635,ME
886740237,125.189.130.30,376,CA
1106607808,124.187.127.233,694,CA
939143666,123.151.120.165,110,CT
1471609448,0.129.83.181,666,TX
1913935047,162.104.220.134,983,CT
726541428,223.69.174.205,399,ME
1151084723,153.54.80.60,308,TX
1412996052,211.66.58.175,148,VT
967156942,102.93.39.130,5,TX
1880902320,184.193.163.217,490,TX
1065652257,27.155.234.177,477,CT
1084208890,234.16.79.140,196,VT
1804734156,212.108.46.123,655,CT
1533985730,231.33.247.99,949,CO
938197946,144.15.50.54,861,CT
927496266,89.148.224.48,434,NJ
655126011,199.212.174.184,309,CA
1316390342,148.114.123.227,143,TX
937905236,209.85.150.81,687,NJ
920560937,249.217.132.33,230,FL
1663416826,78.148.210.238,413,CO
1607150362,114.151.135.22,399,NY
1181131479,107.11.124.82,985,PA
895309520,173.82.206.75,774,CO
1640417665,57.216.83.167,653,PA
1285134881,121.172.189.150,386,CT
1123649015,152.80.78.147,921,FL
1784597597,71.89.2.177,457,CA
1134920936,199.142.56.100,420,TX
1950369985,178.69.224.74,226,CA
886430664,228.163.32.45,482,VT
1298880075,88.105.253.137,266,NJ
1704407819,232.78.26.155,41,ME
1483388348,31.188.115.196,549,NJ
1744889053,233.55.95.146,171,CT
2021885631,7.32.98.155,857,CA
1501889152,79.148.234.7,459,VT
949162002,108.102.51.21,815,CO
677581728,221.1.92.181,391,NJ
1923349765,63.223.143.213,106,CA
712415608,116.125.150.93,423,CT
682941999,66.246.221.73,793,NJ
1818029254,176.245.1.206,113,CT
1976937528,193.200.120.74,247,TX
1468651423,246.135.153.140,859,CT
1636853995,50.214.181.140,441,NJ
1381803872,120.56.161.150,973,ME
1116662539,240.237.239.209,478,CA
866558457,173.24.210.138,184,VT
766658838,254.102.64.35,555,VT
1187430511,192.102.160.228,979,ME
1292243233,178.109.87.195,789,TX
1009663854,50.57.191.162,615,CA
757954054,230.15.122.142,799,CO
891739721,124.187.146.151,504,VT
1757726402,69.148.62.103,279,NY
715167775,127.211.201.161,452,PA
2114219268,7.32.140.237,503,TX
1082873534,52.37.117.118,906,NJ
1543850447,191.34.7.71,981,NY
1947550317,45.193.114.34,413,CT
685388628,231.199.54.251,446,PA
707126547,146.57.35.184,924,CA
2023039524,63.186.3.108,260,TX
1305687350,251.45.157.163,821,TX
1312814427,176.116.84.165,464,CT
990141851,99.122.187.224,249,TX
1043389570,74.221.15.111,114,NJ
959001165,78.239.133.74,704,ME
1238109046,186.51.170.166,823,PA
1383819255,186.221.248.149,406,CA
2090099073,236.209.224.163,855,NY
1555403434,96.246.165.164,837,ME
2051653319,102.106.117.130,431,NJ
1730884439,170.15.140.240,568,PA
957965010,192.111.94.234,461,CO
1154691320,202.48.184.119,921,ME
1460349726,245.122.181.17,766,NJ
839106511,57.37.112.70,508,VT
866811176,18.94.196.178,12,CA
1620178689,235.40.41.217,34,FL
1990696229,244.180.30.204,609,FL
2079877994,42.34.124.33,17,TX
1846651788,140.249.99.187,550,CT
2072628306,0.244.59.212,227,PA
1278528446,217.166.46.146,332,PA
1869097176,151.163.245.149,328,CT
1303566534,62.67.194.116,567,TX
1222510871,219.215.121.210,681,PA
1407951264,228.175.128.250,565,PA
1844145802,21.193.120.78,457,NJ
1058937741,194.194.149.240,23,ME
739075474,168.69.35.235,200,TX
1390054638,84.9.246.208,833,PA
765570675,72.14.177.227,588,FL
1138964031,3.15.213.108,216,CA
1541641240,163.88.107.84,623,FL
848711230,4.34.241.67,309,PA
1893638503,184.252.167.135,830,PA
655391429,36.244.34.214,709,PA
759101887,155.221.169.58,687,CA
1249583008,106.57.10.103,936,PA
1609216471,228.186.241.199,114,NJ
799784279,127.254.63.233,550,CA
1913398739,246.245.100.234,510,TX
764090042,216.157.98.217,645,NJ
1450338038,29.126.67.67,892,CT
2109958463,140.172.153.60,189,ME
1233444724,196.79.201.148,249,CO
1729852891,161.16.75.104,559,CT
2021561693,93.104.194.251,350,TX
1401568523,67.240.216.185,809,CO
1484546595,44.238.253.69,700,ME
1801664399,227.253.99.114,202,FL
1980929805,221.170.6.199,110,NY
1900520530,171.152.191.99,892,TX
1862250329,25.149.209.250,279,PA
1289795963,162.86.24.226,73,NJ
1248647101,165.182.170.218,743,NJ
681688699,8.164.242.171,835,CT
2094434537,147.229.199.11,632,NJ
1788466684,127.121.117.253,80,ME
1351386498,181.13.115.107,409,PA
2108719995,118.168.217.212,270,ME
720917265,47.94.44.168,570,FL
820082194,52.210.189.243,878,CT
735217132,161.201.177.96,389,NJ
2056828176,5.61.136.127,97,VT
1698692615,68.249.14.83,183,TX
1085981901,6.175.203.249,28,TX
1485981068,187.25.127.201,478,CA
1033978073,143.136.250.17,328,CA
748987697,55.39.42.129,994,CT
2100278526,47.171.217.109,41,PA
1712342148,148.198.67.120,802,VT
1687620909,123.145.101.172,291,NY
1916982667,226.242.229.137,251,FL
857809331,188.225.30.79,470,ME
1447173980,130.156.65.227,437,TX
780207530,41.66.238.85,803,CT
2028255982,243.71.229.135,731,NY
1627629917,138.126.5.192,783,CA
1120274176,229.194.97.190,526,PA
1266111562,207.206.60.117,518,FL
1221071466,85.14.211.87,380,ME
829690102,86.126.213.158,228,PA
1726467533,106.71.139.58,367,CT
1456354908,228.190.52.243,844,ME
1612369337,176.57.185.228,820,PA
2093215737,196.82.40.194,885,FL
638092684,84.43.164.78,136,ME
1012709611,186.49.243.29,597,VT
1879103647,7.106.64.109,496,TX
1023207097,78.199.234.15,85,TX
1297377239,242.47.178.135,691,NY
955054132,58.113.184.178,440,CA
1553529959,90.104.190.84,400,PA
1209878684,68.0.153.80,373,CA
1509690673,253.33.183.141,541,NJ
1426289728,38.184.147.157,973,NJ
1753962149,4.163.188.253,213,FL
884810477,48.70.88.190,970,CT
936507691,101.73.89.186,665,ME
834395426,120.224.121.162,116,ME
2103973874,68.4.206.227,993,FL
2035800626,45.250.240.198,878,TX
680992336,10.70.15.86,862,PA
1422439327,60.80.21.98,468,FL
1629450335,186.200.122.26,455,CO
850503858,38.68.10.192,777,ME
1862876600,183.145.78.17,880,VT
1581528730,134.79.104.33,172,CT
1487902806,94.177.13.98,324,ME
2091063927,111.49.172.34,113,TX
1547254837,118.240.132.221,698,NJ
675387771,171.28.93.250,2,NY
844658038,12.157.24.197,434,ME
985240603,144.95.17.29,56,ME
828946579,226.203.194.41,745,CO
720794948,185.171.210.146,171,NY
790645046,114.129.73.46,563,ME
660972084,135.184.77.84,401,ME
887440176,230.202.131.230,814,CO
1275780281,60.227.14.201,951,TX
676343999,185.159.37.180,590,VT
1916641089,107.12.102.145,538,VT
1658874337,204.211.49.137,129,PA
1575594636,133.249.214.250,800,NJ
1228183252,119.204.89.67,565,ME
1599386001,54.207.188.227,377,FL
680780733,84.240.189.35,296,CA
1588325882,181.239.139.60,363,CT
854797420,212.186.198.192,502,NY
687588075,177.14.40.254,908,CT
1626351544,226.97.158.133,442,ME
836855421,94.178.31.58,558,NJ
1605418122,230.50.186.155,49,ME
1127520454,192.147.219.184,385,NJ
1066964005,231.119.5.27,406,FL
1858520570,151.214.105.97,242,TX
1919810041,245.105.194.226,952,VT
1208108302,52.127.78.70,179,CA
1020305494,37.247.254.164,46,FL
1914650304,79.149.48.94,754,CA
752662140,181.130.45.154,988,NY
769188116,76.180.213.189,970,CT
1633145770,65.103.204.204,110,CO
1043316678,72.0.104.65,257,ME
884655608,144.122.42.163,201,CA
897755113,118.14.150.110,536,FL
710076523,83.245.217.70,501,ME
1843533329,117.73.96.40,202,PA
1818435891,128.70.229.157,239,VT
1140073995,57.148.84.106,481,NJ
1311923154,227.8.70.31,589,CA
741572179,112.15.252.70,793,NY
2084117482,98.232.113.122,990,ME
1128726393,78.25.162.191,264,VT
1005550554,165.11.29.131,998,NJ
1299090051,198.220.237.240,795,NJ
948360777,47.153.171.131,927,ME
2096954171,178.133.227.72,139,FL
1420428548,104.148.167.106,516,CT
1936750738,96.63.216.33,640,CT
1179373861,82.99.73.38,600,TX
1619029238,130.114.143.245,365,CA
1565461351,192.46.187.44,400,TX
735694770,21.214.152.167,387,PA
1401919899,9.235.187.1,17,CA
2024801909,113.123.39.6,9,CT
1974511457,104.85.223.43,535,FL
1214255514,91.85.211.180,587,CT
1951208338,248.188.59.153,901,PA
1184762712,222.94.185.183,684,PA
969025929,244.199.224.10,922,NY
2062712574,191.185.168.96,464,FL
877540071,138.239.44.166,92,NY
1006436458,119.101.246.152,407,CT
1416259386,186.220.56.161,8,PA
2092571463,103.198.224.69,210,PA
1402003414,146.216.67.242,773,CT
1746095503,114.54.50.19,47,NJ
1366349514,109.126.9.47,681,CO
1765044739,223.230.107.64,424,FL
1633822561,183.222.37.253,589,PA
1098012864,229.247.193.197,713,ME
641134058,158.71.23.158,109,ME
1975070609,93.174.143.18,319,NY
1865516093,249.15.16.100,46,CT
1603033788,167.197.27.200,774,VT
1928581108,230.146.108.128,524,ME
1832754859,102.133.135.156,483,PA
2008415658,140.147.157.214,776,CT
841397724,142.119.241.67,803,FL
1988927588,80.70.131.185,926,NJ
1218495482,147.54.98.20,102,CA
1502699500,221.142.162.89,593,VT
651425554,117.141.168.117,514,ME
712889199,199.50.223.215,386,ME
1000812062,16.85.87.60,583,CA
1954825733,84.96.60.140,221,VT
1571159362,243.251.198.228,320,CT
1726355752,166.105.229.220,954,CO
997200287,79.137.53.246,96,CA
1091976474,179.201.32.200,612,CO
2016718428,245.95.65.89,199,NJ
1760025835,84.59.8.10,264,PA
1815549356,163.120.157.222,874,VT
1519876263,18.161.100.75,991,VT
1192742718,175.229.134.199,22,ME
989820049,105.106.70.167,660,CO
1902304166,232.200.228.240,560,CO
1982917290,24.59.81.125,673,TX
1144949272,110.176.121.135,593,CT
1572711827,144.40.161.40,162,CT
816664063,33.110.151.249,968,FL
1896000068,139.14.58.136,740,ME
1445144597,34.229.182.80,548,NJ
1364166736,61.194.245.57,39,FL
2082435510,8.159.70.29,48,VT
1498957373,85.82.189.214,823,TX
685015996,242.214.14.200,294,VT
1798741250,54.215.37.24,13,CA
1385404198,247.177.185.45,444,PA
676511028,188.41.189.195,485,NY
2043982694,136.188.17.129,919,NY
1692760818,109.198.203.1,361,CO
671033882,128.174.13.198,881,FL
1187512537,127.133.128.215,974,CA
956943854,179.87.2.0,143,TX
1013177386,214.73.114.97,680,ME
1827009033,87.101.92.60,268,CO
1889577976,168.89.72.159,106,VT
1069779833,170.13.95.153,592,NJ
855063129,139.253.250.241,809,FL
1413225594,135.212.110.98,363,ME
1407840020,134.180.246.229,699,PA
1034414269,163.42.88.144,49,VT
635474448,172.146.48.96,90,CO
1881801298,128.89.33.86,296,CO
901790568,90.56.44.251,212,CA
1264426747,145.3.187.157,857,FL
1529830069,209.251.126.217,847,CA
794609654,192.121.228.52,939,ME
887798465,103.100.207.252,168,ME
1335672706,38.143.38.124,870,CT
1678743914,95.190.69.79,21,ME
832463587,204.247.18.25,144,FL
1277021177,173.157.48.215,13,NJ
1841288142,161.222.114.180,424,CA
1392888904,40.229.177.153,783,PA
1938881872,46.116.203.24,318,PA
1938317923,5.24.234.114,470,CT
1113455458,93.68.44.224,942,VT
1609440641,172.83.68.25,572,ME
1473009983,136.203.173.125,74,ME
1472352036,64.205.88.24,177,CO
683095510,149.236.0.175,276,NY
1638422143,101.35.172.114,105,NJ
887301373,194.233.217.195,664,CO
2028751774,249.253.251.60,319,ME
1505131959,151.123.39.77,908,PA
1149094123,181.228.196.205,203,FL
920978522,132.102.181.63,581,NY
1290711524,131.83.77.23,745,TX
1534290235,248.83.73.0,906,CA
1265723432,75.106.103.145,371,FL
1335346170,62.46.136.112,179,CA
828249928,247.107.151.194,895,NJ
1792389815,42.90.252.140,195,ME
644727672,13.202.254.188,305,NY
1101018471,163.215.71.188,544,FL
824566734,99.123.93.135,692,NJ
1409962424,142.54.50.207,530,FL
1662010841,243.100.96.237,380,CA
747018897,201.22.29.240,783,NY
759132953,155.214.46.230,319,CT
1632271807,207.155.242.34,418,CO
1617874486,109.122.123.57,30,NJ
1570048067,42.231.140.131,951,ME
1929575742,219.146.9.86,315,CA
1521828503,48.96.218.45,141,NY
1461676468,183.96.239.219,346,NJ
2088326676,12.39.58.86,383,NJ
1440357158,43.73.179.41,163,TX
2044705083,120.224.28.253,255,NJ
1579670546,4.111.208.233,158,CT
786927309,79.24.203.244,920,CT
1334224931,102.241.10.177,692,VT
843274036,61.195.13.115,358,CA
1943787169,43.120.36.114,958,FL
2099749301,76.44.77.252,141,CO
1077101544,237.250.138.20,265,CA
1474007955,172.54.131.226,687,NJ
910954462,234.27.226.37,879,NJ
1289780761,116.47.217.15,147,VT
685797428,102.101.208.111,341,TX
1921995050,205.51.61.204,68,CA
1771631205,146.245.238.134,195,CO
1262084978,150.218.202.41,29,ME
1641487226,194.210.87.222,844,VT
1992623293,164.4.129.120,157,PA
681351620,118.135.149.164,790,CT
1935313505,154.198.46.190,525,TX
703665551,197.246.2.69,68,NJ
1965868423,65.13.105.135,961,TX
646970694,58.249.200.81,613,CT
1868136189,236.91.200.115,103,FL
1284294511,238.187.187.54,800,VT
1569597466,66.170.28.137,91,NJ
1432790332,162.202.43.44,497,VT
1794670011,205.130.79.250,486,VT
791769782,27.120.127.37,451,VT
1897560349,209.130.247.224,252,PA
1640672978,136.3.219.194,238,PA
1675803698,54.239.11.222,342,VT
1864808978,192.37.167.191,58,FL
704924021,173.52.197.122,48,TX
1432180233,47.98.179.90,465,TX
1017809279,212.30.21.174,46,CO
1222465321,206.139.139.175,461,VT
1417451665,23.239.79.153,440,NJ
1925454965,118.174.119.46,357,CA
1341459273,91.123.89.195,382,CT
2110650245,218.229.110.61,782,CO
1269851652,145.154.239.98,5,NJ
1900117781,68.95.91.77,214,CT
1037178011,84.143.120.210,621,PA
1510291733,84.227.125.109,128,CO
1556548212,125.96.228.207,815,CT
885770064,205.213.126.205,896,FL
1142527581,154.172.244.198,515,TX
1572150970,13.111.211.95,646,NJ
959819070,44.50.146.90,303,PA
1097845640,167.129.38.88,234,TX
1314061551,115.252.130.28,23,CO
1698389595,149.110.10.165,814,ME
1768486760,238.93.149.77,439,CA
854191026,139.57.181.65,677,VT
1923693741,115.8.121.140,602,TX
1322235031,123.197.80.238,988,FL
1336500110,199.145.97.216,797,CO
1163078858,235.105.231.183,626,CT
1008446545,54.138.48.213,421,CA
1689187674,214.180.214.160,489,NJ
1846287202,111.88.65.15,870,FL
1169928086,237.161.4.63,285,ME
654491565,55.191.115.208,470,CT
866144592,65.27.187.206,200,NJ
713531818,94.223.160.71,189,CO
1761352245,212.186.15.24,319,PA
1262594485,188.210.198.203,472,TX
901452129,183.156.174.42,759,FL
1947155203,144.97.169.204,247,PA
1463169765,66.137.211.50,139,NJ
1978887703,111.222.81.133,846,CA
1204332417,196.34.20.39,400,CT
1996568830,61.135.161.56,121,VT
1590232717,164.128.158.206,144,CA
1234377143,88.207.185.154,484,CA
1903918382,38.60.46.105,99,CT
1773469113,177.202.227.45,809,ME
1573483213,246.160.51.52,431,CO
1432731058,146.132.251.193,182,VT
1322203335,183.139.6.208,270,PA
1999356404,158.51.52.153,470,VT
967063254,10.149.190.222,382,ME
2046172099,61.64.247.8,80,NJ
1801263381,25.0.240.35,613,NJ
1365583504,131.83.168.98,900,CA
1387882117,250.2.15.136,956,CO
1362082239,164.214.140.217,449,ME
837087202,142.246.161.127,897,TX
1905411786,36.198.189.166,228,CO
1663602162,122.45.101.4,263,VT
1532022641,49.159.53.166,239,CT
1071340754,120.175.209.73,11,NY
967090782,174.118.95.1,572,CO
1134547191,162.88.13.137,507,NJ
1630526518,172.142.116.99,699,CO
1797291104,132.194.206.139,733,NJ
1316226295,198.112.69.7,1,NY
1878331953,252.134.212.120,63,NY
1591194259,129.159.97.186,785,CO
2064030241,188.62.225.236,179,NY
747483253,200.115.187.47,261,VT
1752048191,211.129.194.233,738,NJ
2035792715,79.163.156.67,292,ME
1185316183,163.87.86.63,30,NY
1447029521,107.77.122.238,612,NY
791526461,122.251.183.181,143,PA
741251939,227.189.167.140,920,FL
1182910418,234.150.144.154,744,NY
1975070110,27.147.155.135,675,FL
1568620760,95.135.41.12,38,CT
1452815326,90.224.225.246,875,TX
788355530,45.221.234.139,358,NJ
1545598076,101.166.193.1,351,FL
1099274377,207.41.26.130,95,CA
2026478878,34.184.137.40,687,FL
1631033113,3.166.115.99,832,NJ
2099636798,104.21.73.51,436,CT
1038745894,48.4.20.224,279,CA
1917714589,25.112.49.236,411,CO
688971302,40.168.205.99,688,TX
1059940651,105.30.35.30,302,PA
1196091988,185.125.64.254,295,TX
1940551864,185.143.99.241,930,VT
1338972261,101.10.176.209,766,FL
1361711065,253.32.33.142,220,CA
1346098335,10.46.58.110,762,ME
1088297100,152.197.223.53,58,CT
817811229,97.19.206.147,408,CT
1841685109,101.249.111.204,724,NY
777772727,247.55.56.122,566,FL
890995264,35.215.134.164,567,PA
1781122478,100.150.229.92,628,CO
1306593492,182.188.249.14,733,FL
663366957,165.209.164.40,482,CA
2018928915,80.44.216.21,28,ME
1037250561,222.53.12.190,305,CO
1613159043,251.145.3.122,618,VT
1315457894,132.58.2.42,319,VT
2039905710,162.247.179.217,566,CT
1563760760,124.33.142.80,909,CO
1541625301,150.130.30.102,966,CT
1755179555,107.148.219.25,252,ME
1273799694,208.27.149.29,157,NY
1200975286,230.119.64.148,910,PA
1067289645,154.238.168.242,300,TX
975158101,70.115.143.140,269,CA
1325277955,79.8.128.237,260,CO
1257586678,24.221.120.96,790,PA
1328471621,183.20.152.110,37,PA
1412748716,90.36.107.138,26,TX
1817385218,159.221.126.254,436,TX
1370186582,235.199.236.71,930,CO
1253757080,89.213.123.113,148,NJ
1707787589,16.206.128.181,919,CA
1655145217,167.156.29.150,909,NY
1895328131,19.203.54.129,175,CA
1796614158,10.8.62.115,82,VT
1780127727,144.78.134.223,259,NJ
1256376372,244.33.138.158,332,TX
1985681713,102.130.83.112,563,TX
1936090344,217.230.177.49,563,NY
1090004465,160.182.33.244,199,CA
1726705794,200.100.220.47,139,NJ
1329887725,175.162.182.125,563,CA
769946802,227.5.48.64,993,PA
834620428,28.77.226.101,316,CO
1595003566,7.24.218.245,760,PA
1458591251,186.239.26.26,645,FL
1851886284,172.76.50.15,875,PA
1810654014,118.19.254.59,964,ME
1729452380,193.70.120.144,51,CA
1029281255,24.199.211.23,341,PA
848841784,11.206.147.119,553,CA
1812722739,99.64.8.138,335,ME
1061480950,111.111.115.184,382,NJ
1806622084,15.249.142.170,863,TX
1316167612,167.177.201.119,829,TX
1460866460,1.143.216.36,501,FL
1094529383,95.26.225.52,371,FL
1429129922,121.49.247.41,480,NY
1305275104,103.42.39.244,236,CO
956134080,174.203.224.55,263,FL
2045758973,160.48.41.238,365,NJ
1055914466,202.44.216.228,873,VT
1955477686,183.114.163.57,459,PA
1205703827,139.248.147.205,456,NY
1780828460,198.15.209.198,958,PA
1478892762,152.29.142.128,713,NJ
742025053,93.93.43.233,580,NY
1516985760,201.229.17.222,935,CA
1019685395,226.81.198.216,570,NY
1330460523,179.42.23.193,523,FL
1962365762,186.195.84.173,291,CA
968427379,20.192.119.118,188,ME
1922456805,253.67.160.169,211,NY
1438376271,191.4.207.13,432,NY
1292594481,165.115.70.231,180,CO
888589353,210.251.246.128,63,TX
837170238,87.95.190.134,325,FL
1302135331,28.61.71.23,773,NY
1572543361,215.153.2.171,207,PA
1024393569,107.182.186.213,874,NJ
1362755895,225.93.27.218,824,CO
799417309,64.202.226.174,110,PA
885349152,141.222.229.169,966,CT
1428612731,10.4.249.5,121,PA
1194489724,70.235.19.33,814,FL
1306522892,105.128.41.41,78,NJ
1836830333,27.106.85.85,172,CT
1050912946,86.91.123.241,841,VT
1453990084,113.89.38.137,682,CO
1505354187,58.201.208.5,611,NY
1556836193,86.55.94.122,316,NY
1371410475,207.217.89.29,851,NY
1598644230,245.228.216.184,901,NY
1523372222,31.54.141.239,108,NY
1993615581,227.182.108.92,123,FL
1946868841,131.138.37.199,472,CO
1616043664,207.132.149.191,781,TX
1420263301,17.181.100.93,61,NY
1903555619,241.12.54.57,540,PA
2002765144,205.236.178.168,787,FL
684504163,14.29.151.152,988,NY
1850776298,184.121.122.53,333,ME
864176231,158.12.169.42,958,NY
1563058414,222.147.30.241,927,PA
1509807532,127.189.132.102,416,NY
1939615090,96.147.50.68,668,NJ
1232138443,207.157.120.216,270,CO
1241419103,166.203.16.20,877,NY
694760309,58.224.251.48,792,TX
1030657438,205.231.173.112,291,FL
1364428515,101.39.9.106,42,VT
1877945711,249.218.191.0,888,CO
1888108704,105.31.246.122,610,PA
748753947,3.16.133.243,475,TX
1892518427,125.147.197.179,625,FL
1243383626,199.101.171.195,114,NJ
1563363724,137.144.250.116,699,TX
877453197,187.148.106.156,25,PA
1298970609,128.251.4.15,222,NJ
1081628676,175.142.181.199,464,CA
1198169848,215.88.253.122,368,NY
1235146103,102.15.192.215,50,NY
1312364055,98.73.58.234,76,CO
1673943080,230.225.36.97,693,CO
806600202,122.168.231.5,443,CO
1579850510,206.60.134.24,214,PA
653585808,195.37.133.183,543,NJ
811591860,71.97.20.35,169,ME
2001799796,113.86.182.5,897,FL
1243601452,28.152.142.236,973,VT
1534168092,32.227.32.185,110,PA
677322274,40.46.211.144,547,TX
1523944258,96.0.165.43,90,NY
911801162,112.64.229.117,402,NY
1949413827,210.42.173.181,543,ME
968848551,213.77.224.116,663,CA
1974683410,98.34.249.52,522,CA
1175928315,129.75.71.104,863,ME
1122738119,163.223.143.17,410,NJ
648538177,99.13.53.230,603,PA
641783365,18.123.34.221,927,NJ
1010541797,52.119.46.11,326,TX
1810652799,16.39.167.76,883,CA
733037078,128.180.26.246,676,FL
1194937823,10.153.72.30,737,NY
721509364,52.37.114.152,874,VT
1795497200,239.91.52.20,274,FL
993485366,136.130.230.101,514,VT
1902992064,219.116.129.52,136,NJ
1620557309,134.78.116.117,741,NY
1875764506,30.130.94.215,923,CT
859085132,146.254.104.82,897,FL
1279968302,8.177.48.246,147,CT
712300669,226.177.1.13,99,TX
1132749633,81.252.94.214,337,CA
1876445837,123.156.133.246,47,CT
1882549824,223.226.82.30,74,FL
649397759,210.9.126.47,91,ME
723827577,33.129.192.131,973,VT
1088276004,105.152.118.236,143,CA
1517275521,167.76.46.119,171,FL
1381301696,106.213.62.178,624,PA
1598739267,127.89.235.12,320,VT
1335861249,122.9.15.49,353,FL
2004832816,171.156.140.253,346,PA
923019807,188.145.79.125,235,PA
1718918170,189.243.247.104,46,PA
739991434,7.200.169.13,997,FL
1310617998,99.230.205.103,116,ME
1096736892,171.75.17.85,15,VT
691494436,174.51.160.175,945,CO
1021847491,75.3.253.5,191,PA
1150338920,84.15.35.147,955,PA
2057847354,37.117.226.146,494,FL
974157956,201.187.216.104,721,NY
1628703131,32.177.161.85,596,CO
1541758250,192.207.5.239,665,TX
1453836312,104.58.145.82,61,ME
1304076053,145.123.170.84,800,FL
651881394,46.4.161.152,386,TX
1931326161,70.176.172.216,26,PA
851489169,101.156.139.235,926,NY
1015449183,29.213.5.99,466,PA
1486824818,225.45.222.219,454,NY
1815879272,22.170.23.145,403,CO
2108051130,86.244.56.28,328,NJ
1655364488,98.102.245.158,612,ME
1089454234,193.237.131.178,774,NJ
789849335,243.246.128.100,632,TX
1850859479,21.177.201.169,765,PA
1407973287,20.204.188.204,291,NJ
868120589,41.190.41.210,728,FL
801928208,177.37.25.153,430,TX
1150508049,30.104.14.112,411,FL
1900048773,139.115.127.56,637,TX
767785642,124.87.78.110,604,VT
1188242030,27.196.237.87,349,TX
1120819057,247.124.30.143,221,PA
873820235,235.35.75.40,69,VT
2113643695,89.81.89.192,674,PA
835479387,89.114.96.35,496,CA
1712222296,241.115.88.38,668,ME
1686069902,29.173.180.128,812,VT
1698525472,82.136.106.165,396,NJ
1846749022,241.241.198.23,898,CO
1591067366,7.229.226.107,873,FL
914935317,175.49.42.62,304,NJ
1071919571,246.210.232.161,628,FL
1511785687,186.57.18.51,939,CT
1916698563,8.98.66.97,459,CO
1646405960,218.121.79.157,502,NY
928341104,217.24.245.75,599,VT
823012227,28.183.183.246,828,CT
1772576395,47.160.121.222,726,CT
1192784759,59.85.226.72,141,FL
1876015087,106.232.175.207,276,FL
2085470449,85.102.7.213,507,FL
1864737700,184.68.199.50,986,TX
1060412558,160.208.75.23,312,CA
2102266775,0.108.232.217,504,VT
900251143,1.190.160.106,666,TX
1808909925,45.193.245.200,100,NJ
1032243908,206.173.166.76,92,VT
1079989780,78.190.109.226,698,NY
1190892226,221.97.16.125,768,CT
1606219673,127.76.210.140,670,FL
936529205,252.148.176.19,848,ME
1469751177,77.184.131.185,466,CT
1089487557,171.73.140.52,235,ME
960633905,173.206.53.9,69,TX
1105774300,10.210.160.227,814,CO
1007838471,94.199.233.231,899,PA
1263964226,113.25.194.213,241,PA
1381859760,166.43.0.40,139,NY
1627820355,175.209.26.240,283,ME
1831200594,93.107.12.85,758,PA
1174881565,251.156.46.62,518,TX
1693953224,195.133.109.169,369,TX
1841990133,139.251.109.133,834,VT
1342250886,128.249.154.92,936,ME
1427842033,153.170.2.91,879,VT
1281386928,208.195.212.230,920,CO
1172805819,115.216.141.170,921,ME
1320522479,5.204.16.181,412,CO
955845247,216.160.66.117,540,FL
997297867,106.41.221.224,448,ME
1126458726,11.48.50.183,858,NY
1164331779,47.254.201.205,694,VT
1891747727,10.223.40.212,902,VT
917388900,75.119.128.48,64,CO
828111138,153.154.69.249,838,CT
1216802990,187.179.182.48,852,CT
936727452,140.116.202.150,402,NY
690504844,145.242.246.157,857,ME
1904533397,40.219.254.166,264,NY
675850652,102.6.166.147,427,FL
1745666583,18.224.11.128,100,VT
961891163,233.162.102.95,561,CA
1537371766,108.32.216.83,711,ME
729194299,253.111.85.75,630,TX
1961993987,55.13.161.66,861,FL
858926769,152.132.249.250,387,NY
1243252225,137.206.206.136,141,ME
1735924355,118.5.168.65,766,VT
937378448,142.105.159.219,811,VT
1699952358,150.71.141.245,788,CT
1225006251,80.101.106.150,640,FL
887529154,115.164.55.158,562,NY
1376352937,141.18.82.131,453,NJ
863608509,136.109.62.0,404,ME
1694732574,66.224.218.254,763,NY
1427011532,93.252.89.102,66,PA
925138075,191.204.70.18,691,CO
1402944335,61.236.238.97,523,CA
1290252509,141.104.174.220,635,ME
1264803603,137.119.92.67,861,PA
1797156561,4.113.4.37,257,CT
670824211,217.141.7.161,488,CA
1876324024,160.103.36.163,921,FL
818959900,186.207.67.125,231,CT
1069875604,136.101.9.187,783,TX
1001044256,140.252.106.234,429,PA
864467118,150.96.221.228,922,ME
1068897874,53.47.202.189,951,TX
1302687761,47.67.1.69,758,CA
785251380,61.95.75.27,794,CA
1058350437,250.22.230.241,57,TX
1000412029,193.117.111.172,283,NJ
1929038309,98.115.190.121,508,CA
1069360568,156.95.189.75,687,VT
851566815,138.18.169.8,655,VT
710333718,222.75.77.109,90,PA
1645192301,81.173.174.175,366,CO
998847204,220.207.34.120,855,NJ
1780430380,133.220.209.11,375,VT
1900954753,247.204.146.141,498,CT
1832583140,65.192.151.12,523,VT
1075513418,243.165.204.146,56,CT
840886589,219.31.198.185,660,CT
1800909157,17.153.129.239,29,TX
2049807672,51.209.179.171,865,CO
806851050,186.1.51.252,994,CO
998794459,13.165.120.72,230,CA
1936393575,215.97.91.241,245,CT
1548140126,156.112.56.170,295,CT
1189042671,251.245.122.114,673,CA
657788139,118.136.162.50,349,CO
1809901096,229.250.22.64,568,PA
921622614,195.130.157.146,364,ME
2036823597,165.75.147.60,53,TX
2096995055,91.31.244.168,489,NY
1383098305,126.58.228.2,790,CA
1855413542,202.238.186.137,449,ME
777470524,161.198.213.143,468,FL
970850045,178.56.49.94,748,TX
1794800546,57.190.123.75,509,CO
898992675,176.205.35.60,661,ME
1117989318,89.125.74.39,599,FL
1497224594,189.254.6.77,390,CA
1160344416,111.107.120.203,697,NJ
1936887473,199.214.6.215,681,NY
859800735,213.41.3.240,691,ME
747371084,7.71.159.149,935,ME
1465478163,1.235.113.98,10,NJ
639197601,230.78.125.248,184,NJ
1270897764,87.17.73.237,322,PA
2091167564,208.120.44.3,287,CA
1105235546,49.173.174.131,821,NY
1495653097,160.153.130.174,747,ME
1377724427,138.167.32.187,519,ME
803201053,14.197.198.189,995,NY
1720769948,244.179.37.224,697,FL
1388933213,164.63.14.191,478,CT
1848599421,244.239.63.212,956,CA
1398738112,165.237.193.43,886,VT
2003338255,10.98.96.172,502,ME
702616328,63.16.151.153,119,FL
1482850473,191.75.131.97,30,CT
1163151441,182.65.209.90,331,ME
1539110818,40.252.25.191,325,NJ
824519597,240.18.154.204,18,CO
631498911,186.87.191.252,251,CO
685494898,254.150.167.196,406,ME
971390590,130.176.191.127,736,NY
1248020830,234.99.62.24,34,NJ
1408990153,202.237.95.36,307,ME
1983092338,163.223.117.224,428,FL
1870013558,210.223.226.141,577,PA
1845486666,254.156.37.53,495,CT
1743934430,189.65.25.242,399,VT
2050335348,87.21.54.252,344,VT
1051743471,206.17.78.147,178,CA
1761016902,222.210.2.146,376,TX
1486072193,253.149.252.181,298,TX
1523725492,214.77.231.240,496,CO
1879062241,13.236.207.202,944,VT
1746125525,222.209.101.224,24,CT
1574954882,47.71.149.111,485,ME
1856393205,214.70.159.3,338,PA
1442180307,100.41.69.59,86,FL
1990890007,31.243.64.20,823,CT
1930104263,169.246.164.198,357,CA
1930389729,242.125.107.236,720,CT
1090248762,101.71.17.190,339,CT
1639995463,97.5.119.110,206,ME
948861402,21.74.168.185,164,ME
1328462664,141.81.194.185,644,TX
762929137,82.144.168.216,512,NY
1144186391,20.125.162.242,82,NJ
1074403518,154.156.249.182,257,NY
1384561729,46.20.23.78,414,ME
1832322906,73.73.160.174,420,FL
1225444927,24.60.143.26,961,NJ
839801886,182.147.195.148,109,CT
1642859715,140.131.193.181,150,NJ
1567780485,100.6.3.220,607,PA
1511679464,2.105.142.169,247,CT
953498906,247.95.249.72,328,PA
1524123855,236.78.60.73,813,TX
1237440181,211.187.75.44,794,CT
921206659,181.58.110.148,890,PA
826774796,22.73.137.254,884,NJ
1238293954,148.109.103.176,942,CO
2078279685,18.244.159.182,653,ME
1229237435,251.250.140.169,688,CA
1150075789,18.149.1.151,760,CO
2040439729,240.63.8.25,515,CT
1399666220,188.80.17.121,349,TX
827211715,0.123.222.194,906,TX
1279922414,125.48.200.71,495,CA
634631828,125.57.254.11,811,FL
1580526795,85.98.148.161,559,FL
1060253339,178.79.198.1,676,CA
1981043182,26.239.167.31,911,CA
1763330825,35.11.209.209,699,CT
1923153854,194.80.205.185,706,FL
1365173568,114.153.216.106,444,PA
867635920,160.132.58.218,292,CA
1858780444,94.226.139.24,958,CA
1451696063,128.183.196.203,536,TX
1196016518,155.109.88.254,189,ME
1706667784,15.42.76.229,822,NJ
648528764,105.133.47.155,343,NJ
704431202,81.94.247.254,167,ME
1978028291,163.175.59.40,361,VT
1736468727,157.152.8.59,860,FL
1629836789,118.127.38.47,927,CT
773643482,63.74.189.27,189,CO
818282742,35.70.192.143,816,NY
1377848893,159.70.53.45,312,CA
768900256,99.126.120.226,360,VT
1823756121,190.131.192.25,586,FL
825433329,1.188.52.44,563,TX
1667939054,89.163.38.173,309,NJ
1063027823,224.59.107.233,356,TX
1897036719,169.117.8.155,574,FL
1370800353,80.122.67.150,244,CA
1608789993,202.186.126.157,380,VT
1795038810,168.73.186.74,251,FL
733560224,178.195.50.113,638,FL
1589015232,141.75.5.22,598,PA
772248900,132.211.116.149,262,CO
918801331,219.96.191.3,16,CA
842627980,248.181.207.201,570,TX
1753159742,123.231.220.1,169,FL
1504182809,30.146.74.3,299,VT
1173411862,189.129.158.83,79,NJ
1605448680,0.201.127.216,432,NY
1237172633,186.181.231.111,548,CT
853838252,169.61.218.118,125,CO
669603634,80.85.5.219,203,CT
1968325765,229.216.228.89,211,NY
1472478278,94.170.45.160,857,NJ
1821000738,217.125.16.97,14,NJ
1885850514,34.213.10.254,473,CT
2022840871,180.226.1.46,903,VT
1460592439,169.166.24.222,152,CO
747188901,135.131.193.77,721,PA
941456686,170.20.244.195,91,FL
669399620,10.204.92.190,956,CT
1917991877,114.235.211.97,846,TX
830696041,149.248.110.84,670,VT
1647085787,149.6.124.54,202,NJ
1439825380,175.239.216.48,20,FL
1821361377,89.101.103.100,989,CT
832136558,85.214.215.154,268,CA
1238929509,237.83.242.253,523,ME
1732133344,224.108.201.128,880,CA
1825285508,129.111.179.40,954,CT
1937613162,142.225.130.60,868,ME
1454761283,35.85.231.184,837,ME
814436002,152.52.207.19,972,PA
1255811935,134.216.74.223,767,PA
969466839,36.9.47.136,502,VT
1926430203,253.78.74.186,859,VT
1990292475,68.55.212.37,40,PA
873089053,41.0.28.170,162,NY
1654923834,13.234.53.15,504,ME
1368140071,207.69.26.7,357,NJ
1837167240,174.14.160.23,824,PA
1953242747,2.206.251.14,260,NJ
1797961928,47.86.144.51,198,CT
2107530992,69.39.202.122,716,CO
787620205,80.164.242.27,237,CA
2041936527,65.236.219.158,730,NJ
1247766555,110.10.205.213,463,CA
1003399252,214.25.72.224,614,ME
1424673270,131.233.95.36,906,VT
675194799,111.231.53.55,141,NY
1822967547,27.52.83.57,794,CA
1985391002,2.224.65.181,898,CO
2029862349,169.157.101.139,327,TX
1599837527,115.230.146.170,24,VT
1633926346,112.162.100.24,627,ME
1049755144,240.26.60.182,989,TX
1397421942,6.250.217.107,148,CT
2028843750,88.174.228.65,729,PA
1124050483,35.57.14.129,162,ME
649971047,33.203.171.53,337,CO
1790617248,145.204.46.172,623,CA
1715142703,233.193.91.63,81,TX
2009015511,78.101.215.147,537,NJ
1739684010,173.94.62.181,758,NJ
957049273,38.101.107.249,631,FL
1070102943,162.208.145.8,150,CA
2065953911,246.121.22.80,111,FL
1215319329,146.9.180.246,965,NJ
1005687741,134.57.74.35,735,NY
1871673908,21.65.35.137,159,CO
1528384141,125.44.252.241,665,VT
1401781241,109.120.124.78,729,NY
1613780296,34.141.11.140,712,TX
1205127622,156.223.147.249,716,PA
1436899983,237.197.164.140,518,NY
2070925167,0.21.12.127,804,CA
801404068,102.94.68.160,801,NY
1683952499,148.181.52.143,874,NY
1373149569,209.177.175.149,741,ME
1836848617,137.93.87.195,211,FL
953587375,8.195.75.43,225,CT
1256563082,166.77.64.230,750,VT
1831128375,13.125.91.190,436,TX
1332842783,220.117.24.232,545,NJ
730008757,157.183.171.95,52,PA
1632970406,184.254.128.16,969,CO
1813238275,50.124.54.158,835,CA
1983499037,151.178.123.40,646,NY
936050925,228.205.66.138,928,FL
1346165411,193.13.82.130,180,FL
1150593802,27.97.145.24,210,NJ
895934770,190.42.83.136,830,TX
825831752,33.107.144.108,195,VT
1032869230,211.190.226.219,250,FL
1569160762,1.94.78.184,661,CT
1005920698,74.205.149.163,257,NJ
1346509069,140.199.120.249,281,NJ
1434583329,155.166.103.219,919,NY
1942995231,246.252.25.80,189,PA
2043507017,247.119.75.30,404,NY
1012383693,165.231.5.229,77,VT
1623153862,152.250.233.179,334,CT
1388034002,237.246.125.189,795,ME
757779357,30.150.70.249,536,VT
1199926725,66.5.105.126,273,NY
1778807971,195.189.48.71,782,CO
735473240,170.122.208.58,901,TX
1656573092,195.184.212.66,864,CT
1901079466,122.224.126.65,222,VT
1905856113,182.212.165.90,143,VT
1141321084,113.164.69.41,855,FL
1627639946,121.39.113.30,549,PA
910203735,77.124.189.160,874,TX
2107659668,179.246.156.167,135,TX
1896395687,223.153.31.63,774,PA
720652346,130.110.237.196,84,PA
1134771502,100.89.30.218,238,ME
645440148,84.237.119.195,765,TX
658613685,221.45.26.125,328,PA
786713262,129.105.83.149,767,CA
1223924752,194.215.34.40,445,CT
951190114,22.213.218.92,81,NJ
864116795,175.150.36.107,602,NY
1302818406,247.42.97.117,762,NY
660916673,251.37.141.170,956,FL
1760463952,248.60.77.130,50,CT
1518970756,227.251.114.7,300,ME
846395373,141.77.102.16,11,PA
1936452146,149.149.236.232,955,ME
1204406985,228.247.128.212,948,NJ
1375842503,89.25.241.195,938,CT
1241497742,57.24.70.81,543,CT
712568841,172.16.123.201,964,NY
928727449,180.165.41.197,600,TX
639288568,92.253.11.81,31,VT
1626308595,88.251.239.76,585,VT
1320395095,122.16.41.139,127,ME
2049543913,4.220.185.145,643,NJ
2080146524,130.149.56.222,830,NJ
961495195,88.19.71.214,648,CO
1216097617,118.168.83.102,25,PA
1159777297,61.211.51.219,120,FL
1788458850,153.60.62.205,558,FL
1803111241,112.126.184.127,324,CA
839712045,115.165.253.103,478,FL
1661913585,105.173.10.237,894,VT
1527923082,87.223.229.8,450,NJ
717225982,39.155.90.96,74,CO
1748478047,42.188.103.65,591,FL
1226719580,93.54.254.92,580,VT
2059326942,16.126.5.38,249,NJ
1861960034,177.47.166.227,28,CT
1378017633,103.111.234.99,47,NJ
1975618648,9.25.32.208,605,ME
1264250777,97.220.39.158,230,TX
2090041100,239.158.227.162,524,TX
1588629178,55.159.172.199,176,ME
1292630052,251.206.53.14,91,NY
1627590695,167.167.72.192,433,ME
1005720342,199.77.103.47,570,PA
1668308641,188.87.28.74,66,NJ
1782626443,211.245.201.41,62,CA
1843273550,2.107.108.136,775,CT
1079497387,123.50.174.64,379,ME
1740481751,176.239.177.241,942,CA
1297623594,83.88.155.203,684,NJ
1209647245,193.42.72.206,920,NY
667273982,117.116.56.223,285,NY
1916811107,215.137.202.185,339,CO
1810501409,225.235.101.49,668,NJ
2007856605,109.34.117.177,614,CA
1776547920,63.35.57.112,382,FL
702095526,116.209.219.129,952,NJ
1071065654,140.185.51.145,468,FL
864946071,201.216.31.216,444,FL
1459679720,116.163.239.49,575,ME
2035705497,142.26.175.212,931,ME
2023640673,68.25.242.54,371,FL
1325266676,24.175.66.160,289,TX
1180789145,101.236.176.149,915,NY
1259157469,113.155.209.60,590,FL
1335986856,43.194.205.80,266,FL
1261327424,96.91.167.202,469,CT
1017911289,8.31.199.80,815,FL
1927911336,133.228.168.35,810,PA
1027466125,57.60.232.145,159,PA
843304187,50.16.31.116,711,VT
713734814,171.174.152.175,404,ME
801392480,193.12.28.116,360,ME
1018211943,147.245.26.62,43,TX
1252616000,137.48.187.53,781,CA
1673923914,178.240.27.220,395,PA
1878647373,242.233.133.232,377,CO
1250429325,250.203.24.219,176,CA
1437521781,96.63.217.39,912,CT
1030347315,163.104.246.7,14,NJ
2077454181,254.11.227.212,707,TX
2053135596,131.53.121.55,454,CT
968879908,4.126.243.41,724,VT
817199035,161.177.193.32,399,VT
1005340979,249.183.39.59,337,NJ
1204893967,160.189.213.233,856,TX
1889170154,80.85.247.67,246,NJ
1541256694,52.248.156.25,421,CT
2107094643,218.167.72.205,537,NJ
1604285330,81.45.154.122,610,VT
1959606370,66.12.17.237,752,NY
1497787747,124.110.236.1,600,NJ
1468350461,66.74.234.183,675,CT
1536529867,159.5.69.16,159,CT
1725470291,31.175.7.90,59,TX
2111992764,59.27.190.211,638,CT
638441223,212.220.233.69,372,ME
1709687752,28.130.43.126,396,NY
924650043,16.222.200.244,80,ME
1701752068,54.8.153.162,264,PA
734999132,237.178.97.76,640,CA
1220660753,129.197.171.84,110,ME
699042404,72.230.70.218,43,CO
1670978493,235.189.57.182,780,CT
1040288937,103.156.65.50,265,CA
1750710864,144.122.50.212,218,CT
1414118554,22.248.222.27,332,PA
1824091009,254.65.214.7,26,CO
1902303363,22.46.10.14,940,PA
1644309805,159.8.245.204,688,CA
1794914958,54.175.185.6,464,VT
1908801875,26.119.49.162,884,CO
1255908465,97.111.6.227,879,TX
665965920,56.199.30.112,787,PA
1818209761,65.204.181.204,297,PA
932833137,27.199.79.203,590,NJ
715883429,61.117.136.192,365,CA
1610942189,134.30.38.175,990,CA
2002044767,243.80.11.112,257,TX
1662625614,157.117.212.232,300,FL
726096888,174.119.224.83,154,PA
1781742489,48.96.233.247,408,VT
836612379,214.30.193.19,11,PA
2088480404,21.135.23.223,330,CA
817160237,214.145.183.32,183,CA
1418777757,47.208.94.83,899,CA
1454165833,222.39.117.116,191,CT
871339741,33.106.230.187,113,NJ
2081215452,23.247.203.26,919,CA
1547090671,40.118.117.107,916,FL
1433195796,248.65.28.93,970,NJ
1602763183,145.112.115.57,989,PA
1555430845,157.54.247.119,339,NJ
660421121,164.51.231.14,429,TX
1664424334,31.54.136.60,889,CO
1801859618,164.253.134.212,306,CA
1421937257,177.195.225.171,180,CA
983225736,170.246.91.76,830,PA
1162831124,84.223.198.131,908,CO
914330492,190.42.97.220,382,ME
917645173,134.168.76.178,680,FL
1966933243,234.136.219.227,27,CT
1068891692,18.22.87.200,497,CA
1843478592,230.141.45.4,104,CT
1320312922,133.12.24.157,581,PA
1623624173,149.212.223.201,663,NY
1277069805,153.1.134.146,580,VT
1612362271,175.230.160.115,747,NY
1216178863,160.206.43.209,747,VT
1171250995,163.42.248.24,75,PA
2019047284,157.238.87.159,680,NY
1224595206,10.208.122.138,588,NY
1577203064,60.125.152.79,381,VT
2002878684,203.166.47.111,734,PA
1191582783,123.196.251.134,804,CA
1242289619,244.6.6.96,581,CO
1687496454,223.181.218.22,508,CT
1090315874,203.250.174.185,467,VT
1790210968,115.49.195.2,506,TX
872340334,236.236.234.253,724,FL
717322235,72.130.60.9,35,ME
949418704,223.169.156.103,465,TX
2103713380,228.69.126.66,802,NJ
1923918733,11.24.209.63,109,VT
1780500096,121.54.68.40,610,ME
1810928883,101.24.72.200,448,TX
1410982960,103.191.67.124,414,ME
1730593477,159.110.189.154,694,CO
1790695881,234.111.101.98,575,VT
1544032080,214.120.105.247,794,ME
1352271572,22.174.242.29,844,NY
797288416,10.54.124.43,26,NJ
941577379,157.244.134.16,406,CO
1696548730,152.169.27.133,791,CA
932918276,6.239.13.239,500,NY
885790806,47.140.88.208,39,ME
869025567,37.202.218.164,955,ME
1694668492,197.143.207.33,201,CA
1999973486,34.20.55.118,55,CO
1852268508,163.33.35.103,960,VT
1388850628,229.39.21.180,554,CO
989144625,205.203.2.87,307,NY
1346107801,209.224.206.98,874,VT
1182451379,147.244.165.13,774,VT
1843415029,54.149.248.250,187,CT
944065313,167.134.229.143,60,PA
1998245237,11.25.131.14,535,ME
1576065877,22.253.58.102,895,CT
1126943380,6.133.230.51,249,NY
1954087821,78.158.99.135,217,NY
1514902596,37.50.75.223,75,ME
1720262058,161.111.191.23,776,TX
1991432352,6.110.212.122,702,TX
1128218358,83.91.212.207,317,CA
1127036258,60.45.175.189,449,NJ
995637872,239.118.118.96,623,VT
686224739,94.2.187.199,591,CA
1010854170,163.140.52.112,576,TX
724569171,179.235.184.115,443,CT
1141788215,5.78.245.33,401,TX
1313883470,125.26.38.199,619,NJ
1844409949,78.203.14.47,24,NJ
2079999897,252.229.80.54,260,VT
1176241935,238.230.147.248,870,FL
1179265635,240.200.164.170,586,NJ
1875934557,133.129.116.138,220,NJ
1698872167,79.214.103.72,206,CT
1073639317,172.236.45.84,977,TX
1116919603,239.149.184.190,458,NY
745227039,109.71.93.53,70,NY
811143740,76.195.167.104,872,CA
1838242724,143.89.45.27,529,TX
2074181999,206.142.228.224,984,CO
1106480625,185.122.78.6,414,NY
2039738475,11.94.160.73,669,NJ
2052092415,209.15.148.178,485,ME
1120830906,24.240.184.35,991,FL
710679963,111.146.104.171,902,ME
1313999029,155.89.196.37,493,FL
1373011748,155.194.133.172,205,CT
1647214941,188.102.157.208,783,CO
1450265819,241.75.93.239,714,TX
1880032712,214.95.243.76,64,TX
1734082112,19.98.66.171,537,FL
1999236417,180.33.159.22,347,CA
1930411188,69.143.245.15,207,NJ
1916972799,175.34.53.52,8,CA
838898893,243.64.32.216,785,FL
735336715,197.89.94.78,143,VT
998200275,21.31.150.3,853,NY
1447461719,231.205.88.29,893,CA
836871336,143.107.70.24,801,TX
1945800568,188.156.203.2,542,CA
1337668523,91.64.147.65,877,NJ
2061107400,194.66.8.125,59,CO
901978364,14.144.36.197,192,VT
728590482,236.7.200.236,59,VT
1012387950,216.175.239.90,255,CT
1965616280,184.216.227.125,53,CO
984731469,241.51.222.254,382,CT
684330698,184.160.2.240,537,CA
1425481958,245.92.230.79,523,NJ
1033401054,244.55.160.94,292,TX
1153116493,191.176.245.197,817,NY
1656257838,207.127.101.83,887,FL
1487195102,249.37.71.154,409,PA
1364672463,93.177.26.184,153,ME
1268983493,131.118.63.7,615,TX
1688829814,180.12.4.43,752,FL
1329093206,58.50.63.124,185,CO
1438916012,176.195.223.147,900,TX
2022056812,175.79.50.21,307,PA
812859328,16.111.124.125,988,PA
2063079945,78.249.64.76,728,NJ
1801837534,54.68.176.199,153,CA
1041522516,53.237.6.155,293,VT
1846386530,98.18.227.217,391,CO
1633942642,49.92.244.236,751,NJ
1854958793,65.131.54.129,285,CA
1228628508,151.214.112.90,674,ME
917065450,84.243.68.50,906,ME
690781643,1.16.153.135,965,PA
1166691330,60.158.217.34,686,CO
1882771609,8.133.162.84,872,CA
915824020,188.207.120.216,129,NY
1560093627,161.209.198.8,264,NY
2068029279,46.188.105.244,170,NJ
702012983,97.253.19.99,693,CT
809700932,184.151.213.229,674,PA
1455129297,135.178.102.93,861,VT
699495844,58.171.9.238,960,NY
700922986,179.108.155.221,934,CO
1293387306,20.19.156.170,791,NJ
1492853787,57.232.41.74,342,NJ
1754411364,12.131.113.0,61,NY
1201178486,193.138.208.90,620,PA
954071690,54.182.33.230,701,VT
1647171899,166.159.57.61,441,CT
1339638980,202.117.183.185,685,CA
731034263,23.137.8.20,743,TX
1197282562,142.69.107.42,733,VT
776827333,45.207.178.83,953,CA
1168605229,200.52.228.203,624,CA
1485485721,208.203.52.186,679,CA
1661172379,111.232.122.20,554,NY
691743457,126.208.208.111,616,CO
1844467759,137.71.147.155,43,CT
1839466031,98.149.113.18,400,VT
806209555,154.142.188.171,347,PA
1050991272,135.4.252.31,235,FL
1940426859,185.222.54.16,413,NY
1463551634,40.40.215.53,73,CO
1648058262,59.241.81.156,331,VT
757842368,231.171.224.177,792,VT
1143868902,106.35.128.163,453,NY
726122444,105.79.70.8,507,CA
962841893,68.230.245.95,908,FL
1514120328,110.178.137.156,262,CO
721976441,249.120.191.132,756,VT
1733151666,65.67.183.99,907,CT
1258917931,182.114.155.215,213,VT
1832896036,147.236.109.90,543,CT
991530407,64.25.231.75,192,ME
1242964731,201.61.138.170,960,NY
1808267183,215.170.28.30,798,CO
1425003724,23.209.11.218,575,TX
1733268758,71.148.61.107,733,NJ
960855752,154.76.245.71,282,CO
1357804069,135.216.252.8,305,CA
1774178782,179.217.72.227,313,NY
1148826901,60.103.200.83,306,PA
1518461071,14.73.170.244,401,VT
1518200836,127.242.181.137,321,CO
1869991769,149.177.110.4,692,FL
916277301,156.215.164.174,357,ME
1194530412,80.26.217.165,494,NY
993705932,142.54.165.8,944,PA
2113107632,241.52.200.164,51,NJ
2051246192,203.125.244.119,609,CT
1348532735,111.135.2.213,321,FL
2070311278,67.32.74.78,148,FL
2000420033,12.237.125.156,782,ME
720061985,228.203.149.218,525,PA
923833322,150.186.202.243,969,NJ
898949573,47.147.122.90,32,NJ
1664278412,114.205.4.233,286,NY
1761102969,131.64.250.60,852,CA
953580299,84.209.1.127,705,NJ
890307517,203.191.205.173,265,CA
1782287236,174.93.94.172,10,CA
1866208886,196.74.167.116,453,NJ
1136995971,62.160.43.158,494,PA
1611546930,70.38.160.237,547,CA
1578088030,101.66.241.70,879,NY
1695640652,91.27.19.133,410,FL
1297303970,68.63.50.16,56,ME
2019466432,37.211.238.102,542,CA
2089721448,236.228.9.152,401,CO
2011097451,96.73.105.219,397,CO
1165376467,30.30.156.161,678,CT
1843523056,30.247.209.225,926,VT
1682314378,123.162.177.17,691,PA
1427280621,244.142.217.46,383,VT
749176948,194.5.183.32,635,CT
1375043480,239.249.97.239,710,ME
1298094296,212.149.91.15,74,CT
1833521444,119.162.197.31,701,VT
1652263116,137.90.176.9,159,NJ
1491572133,46.5.231.51,407,CT
1835590633,230.188.187.15,311,CA
1994489250,251.103.107.40,573,NJ
1697323820,77.132.186.27,892,CO
948023834,134.9.182.208,242,FL
1568739452,82.195.26.14,432,CT
936711103,58.101.187.252,43,NJ
1933755580,235.79.22.192,685,VT
694395645,208.232.186.4,855,FL
1807663786,96.92.250.245,619,VT
894067327,175.186.83.164,784,TX
1711216186,70.190.248.252,696,CT
1434233152,5.251.2.48,390,PA
683812789,107.124.59.167,548,CO
1620510627,248.100.239.90,628,CT
2071914913,208.0.181.215,179,CT
1605844498,241.244.58.88,527,FL
1202071178,82.133.18.17,298,CT
714260784,19.50.25.15,384,VT
1987033248,33.111.41.45,367,TX
1990320725,206.213.183.254,402,TX
1866904293,68.99.83.24,325,VT
1207994084,42.44.109.6,171,CA
996868740,120.42.15.179,238,TX
1260156395,96.180.210.5,954,NY
1248840866,15.139.26.9,383,ME
1016010892,108.204.217.71,718,ME
1977563239,68.69.246.195,827,CA
1138441746,242.89.31.191,722,ME
1832680429,70.136.44.164,595,TX
775828868,234.13.101.180,313,CT
1672929196,204.28.146.167,255,CT
875002375,68.123.174.0,775,NJ
1675625651,214.14.143.123,239,ME
1989702251,1.187.97.230,369,NY
1110712225,206.208.198.32,516,TX
917307407,162.99.9.164,18,TX
1868712781,166.108.168.79,389,ME
1357322529,240.217.240.62,714,TX
858529584,154.171.60.188,998,ME
1686467709,186.121.101.125,187,CA
1210199378,40.60.186.81,396,ME
1064033525,172.117.199.241,728,CT
1101053247,125.85.176.149,286,FL
690740686,198.3.114.229,417,CT
1734861569,73.223.138.238,830,CO
1523160757,240.231.201.91,479,TX
1011861694,72.155.198.0,491,PA
1330480174,158.223.162.86,10,NJ
1272512758,249.63.13.134,860,VT
917538422,151.190.219.30,250,PA
981753736,172.33.19.90,247,CO
691122098,46.105.98.165,709,VT
869642532,13.250.75.14,297,PA
1985573612,54.172.47.210,717,VT
1105399937,13.107.172.113,131,FL
1237738653,112.219.14.27,900,CO
717863024,42.241.173.127,395,NJ
698047321,63.8.42.3,528,CO
1694826581,177.33.184.8,256,PA
2038748050,146.125.81.69,556,VT
1119306827,28.179.77.175,554,VT
876852624,59.80.7.230,700,NJ
2080585284,155.54.44.240,555,NY
1295698014,168.180.11.205,174,CT
650792723,75.145.56.121,413,FL
654398501,216.1.91.162,521,VT
973018564,23.94.188.177,323,CO
867628151,91.7.23.142,658,TX
1294914007,171.46.140.28,993,CT
707756474,196.21.173.42,408,PA
729663536,208.90.237.93,841,TX
978132471,58.159.1.29,699,CO
960682784,38.120.132.171,828,CT
894266267,51.145.3.197,673,PA
1740339751,109.224.18.197,796,NJ
1969589755,252.138.165.47,972,FL
1666667063,248.113.48.240,427,NY
1316654360,22.17.97.30,530,CT
1281483004,1.137.180.203,197,NJ
2027830835,19.36.112.29,782,NY
1172923225,173.150.212.83,106,PA
1554795226,189.11.109.165,980,VT
1939026501,86.24.60.13,166,ME
1489212922,104.200.98.224,235,FL
1012555673,236.183.31.215,144,TX
1916213781,236.180.130.13,687,CT
1798589974,228.189.76.54,8,NJ
1093954917,243.52.101.202,915,NJ
2025203391,111.244.153.19,769,PA
1656264681,140.9.182.94,127,CT
963341581,244.192.50.225,288,CA
919370501,15.1.196.217,514,CA
1684712106,245.21.196.14,662,ME
2022617831,3.239.29.230,134,TX
1924165456,107.100.246.121,814,CT
1851070599,70.140.231.121,300,NY
1259444761,68.119.47.12,236,ME
714896927,234.110.246.5,903,TX
726265319,116.33.148.119,197,ME
2028353108,17.166.234.176,171,NJ
1670401091,128.200.92.206,138,ME
1688653349,47.185.61.88,648,CT
911841178,53.35.61.110,51,CT
672062969,3.250.6.227,651,VT
1768627137,116.250.129.251,117,FL
1960105899,125.184.97.102,414,TX
1441503735,15.58.240.96,921,CA
1164520687,125.56.8.172,801,CA
822176423,103.33.33.143,225,NY
1472321999,37.205.250.154,440,PA
1880184795,21.156.102.184,425,PA
680877016,181.94.109.74,140,CT
1859367600,54.11.239.126,108,CT
820591095,185.97.17.98,753,TX
2090653615,99.108.34.72,904,NY
1714396836,209.180.232.245,900,PA
921317177,84.38.67.78,189,CT
998170560,115.13.89.74,372,ME
813793020,168.15.59.118,353,CT
1816102838,96.161.145.174,677,CA
1550697977,107.204.105.104,912,CA
1859282811,126.157.164.75,93,CT
1082070097,207.171.202.56,33,TX
1275319646,111.140.28.20,588,CA
1948067431,102.212.155.64,747,CT
1110172613,58.27.75.135,913,CO
1576078563,58.254.60.190,345,NJ
1821989287,254.0.31.194,957,TX
1299775092,168.212.241.63,516,FL
1958221672,160.72.81.31,201,NJ
863553328,248.127.6.155,318,ME
1953856247,85.173.13.223,540,TX
1067090389,121.112.204.88,802,PA
2093432910,193.88.181.147,762,NJ
666976310,179.56.225.213,247,VT
665791005,236.35.108.120,154,CT
941069122,224.192.159.3,730,NY
1450212039,217.235.251.168,85,TX
1856248652,158.48.118.64,120,NJ
1688881133,248.212.84.96,187,CT
1454145529,197.88.131.216,654,FL
1155043821,87.166.212.178,703,CT
1781261377,228.237.16.120,82,VT
1748237573,34.206.12.166,927,TX
680124753,11.98.19.209,123,PA
1394513354,211.117.196.208,723,NJ
1364883794,51.251.104.196,512,PA
1000307193,22.218.91.50,558,CA
1122015137,51.223.171.5,938,FL
1030844704,164.176.179.65,568,ME
1495939274,30.215.198.210,755,CT
729313037,245.62.170.171,902,CT
1743360110,40.18.192.28,964,ME
1418979518,145.123.91.200,900,ME
1150070811,185.15.64.224,93,TX
1281493135,107.183.199.0,990,CA
1269912945,11.253.232.59,650,CO
1740807380,115.116.44.232,300,CA
1752983743,225.114.160.82,374,CT
1577568141,2.221.185.58,784,NY
1122466356,145.155.137.184,483,NY
1109629610,10.75.109.211,793,CO
911748310,82.109.57.107,680,PA
1308057518,154.81.184.217,883,CO
2043733720,193.198.204.226,682,NY
1574989682,65.200.93.239,997,VT
1586599062,32.205.29.176,391,TX
1039134484,207.22.145.99,662,VT
1235690041,77.230.66.64,288,CT
1924645089,150.64.178.140,545,VT
683657640,201.67.14.117,570,TX
1286921577,186.196.12.173,309,CT
1932980155,27.141.198.12,37,PA
1033834182,19.119.243.174,214,NJ
643555332,92.180.253.145,560,NY
1121714763,58.168.169.129,526,CO
1236150465,36.64.4.157,769,PA
2031223571,3.242.136.5,741,NJ
1279057662,128.201.146.247,472,NY
1946102600,44.83.77.165,744,TX
1458789048,63.233.172.183,475,CO
716112581,128.59.28.208,832,CO
1413098714,201.235.240.78,105,ME
1210669554,124.191.27.38,399,TX
1375482023,213.110.18.235,795,CA
2068743819,162.139.63.244,27,FL
1611432209,209.69.119.119,152,FL
1878489124,195.199.64.104,517,CT
721255098,15.20.141.102,84,NY
1121683475,250.213.166.10,74,ME
1327740873,15.184.104.190,847,NJ
2001090242,180.43.206.183,42,CT
1318055314,195.0.92.131,614,TX
778038911,199.24.10.33,787,NJ
1670745797,189.1.105.193,5,CA
932675165,191.1.77.80,391,CA
886013590,110.147.144.78,361,CO
745047628,97.79.199.224,468,TX
897916333,104.180.31.198,512,NY
1693772979,223.83.236.13,629,FL
1798365367,73.109.76.228,1,PA
938676923,137.58.98.86,25,ME
1253205899,184.32.251.163,877,CT
1690431752,162.0.59.140,993,PA
697766350,89.143.95.35,37,VT
1911570504,110.73.24.159,178,CT
1909980690,130.73.67.201,307,ME
1472094167,130.198.227.94,11,FL
1894239622,232.208.191.229,183,NY
708489324,129.29.220.241,969,CT
1043223193,10.32.229.52,354,NJ
1628758541,112.9.232.249,278,NY
1475166136,223.3.29.205,689,TX
1036706736,127.125.211.212,94,ME
973886345,238.216.181.45,625,ME
1273615444,133.137.138.92,656,CO
1767693276,78.231.113.188,133,CO
1666936001,69.135.1.252,986,PA
1417972445,249.172.85.122,47,PA
2079957005,68.211.114.13,306,ME
1325084117,70.218.124.98,301,FL
1818210159,53.78.230.87,414,NJ
950989996,31.133.146.113,891,PA
1929776973,152.70.111.103,133,VT
866441663,84.249.143.20,247,FL
1426023852,166.161.211.198,42,PA
1481238622,155.10.166.80,518,CA
638176269,76.132.180.15,986,VT
1369760670,176.18.26.141,89,CA
1557470135,91.32.129.113,538,NJ
1669155955,88.93.250.28,427,CT
780379671,86.176.108.187,138,CO
677501837,19.130.84.221,687,NJ
782725872,240.161.192.43,711,FL
957505026,180.185.216.54,635,FL
1002054335,59.194.14.6,287,FL
1251408457,229.135.252.108,163,PA
1705226426,130.82.97.220,728,FL
1828203955,83.42.238.187,934,CA
1047752636,10.251.138.112,400,NY
2084038879,149.174.49.229,928,CO
1851610955,72.209.123.95,241,CA
1521807954,130.232.145.211,531,CO
1190501083,191.101.2.28,716,FL
769508856,145.75.205.141,870,FL
1093631970,192.121.187.97,5,PA
1728128874,219.185.242.0,249,FL
1505191719,201.3.243.242,839,CT
751174158,77.129.250.228,207,FL
1253210517,82.87.93.132,662,VT
1243811762,140.34.111.104,102,FL
1956051927,142.206.92.213,14,PA
1733841730,212.31.195.137,222,PA
1285311438,129.201.249.8,809,ME
1275283545,240.35.34.228,199,CT
2099262658,231.186.207.121,655,TX
946274818,0.12.20.103,335,ME
897985604,3.55.88.243,558,NY
1754093232,146.17.32.105,253,VT
1041352830,242.112.0.92,994,CO
2016189665,38.39.194.34,337,NJ
1356589710,6.148.188.127,668,PA
882178368,150.130.162.214,69,NY
1661244522,11.148.217.78,852,CA
1748751650,13.1.90.254,219,PA
822305786,93.130.24.55,14,FL
1193357706,38.64.172.152,982,NY
966615041,135.52.106.79,536,CA
1689012347,2.144.182.237,176,CT
1878210752,80.205.22.249,588,TX
1332828434,57.187.135.240,867,VT
1688776235,87.241.28.157,124,CO
1199881786,57.175.87.183,735,PA
1043461625,220.3.196.149,509,CT
1237788814,99.123.19.19,977,TX
1210205951,196.181.194.143,389,CA
1687876422,15.125.132.6,198,TX
1054511597,179.74.0.74,179,CO
959581502,187.6.160.156,421,CO
855574218,220.210.197.69,919,PA
1083935067,156.156.123.169,497,PA
666801848,134.231.52.38,813,TX
1000940428,149.156.24.22,339,NY
857891718,36.91.106.28,86,TX
1924863521,4.2.207.241,787,NY
1721742794,228.214.138.175,616,VT
1595903109,172.14.154.50,252,PA
1381930536,116.44.29.180,568,PA
1538190336,56.122.60.89,552,PA
1193023297,42.44.41.231,43,NY
1893021864,182.54.63.175,409,VT
1297966514,0.207.197.154,463,CA
1860461903,22.98.13.159,9,NJ
1583355751,215.249.50.133,831,CO
1281610230,172.25.45.165,747,NY
872437017,144.200.130.242,456,VT
981598276,85.125.9.183,785,CO
1248266159,122.230.12.154,284,ME
864668057,23.133.148.102,222,ME
1298956762,169.153.162.170,306,NY
920114707,114.10.248.253,219,PA
1149373932,76.233.194.96,386,CO
1240934556,83.11.144.213,586,CT
1956076536,43.118.136.9,404,CA
752176098,121.168.51.35,370,CT
1808595738,238.12.77.22,565,NY
834346244,126.105.161.252,641,FL
1098681079,79.202.240.63,563,PA
2058041337,173.57.195.23,179,TX
1458612978,15.222.100.203,570,VT
1730276645,222.51.131.130,221,PA
1745929683,243.75.88.149,910,TX
1777265189,194.163.155.211,165,CO
1415656741,26.10.49.61,571,NY
1032349237,46.216.7.33,488,PA
2052625256,240.8.96.158,237,FL
2058839767,191.205.141.131,402,NY
1086331847,40.137.240.82,580,TX
1653456683,52.10.81.136,147,CO
1861403113,137.13.158.181,569,CO
1756178246,225.15.161.217,182,CA
1874712159,209.174.122.99,288,CT
952310987,3.236.158.159,101,NJ
1696997746,138.15.183.75,934,CA
896359420,95.122.120.46,291,CA
1233006906,243.182.168.168,967,TX
843992670,95.54.15.121,22,VT
850918777,131.87.188.129,553,CT
776845999,21.244.188.129,437,TX
654515379,127.24.160.204,669,NY
1799926062,225.223.91.132,891,CO
729026523,192.9.11.9,649,ME
1956623200,168.253.22.205,469,TX
1652379361,96.134.84.62,473,CO
915237175,130.34.155.223,618,CO
845873445,149.105.125.190,6,CT
1518393517,180.223.5.203,767,TX
1467414875,209.219.146.175,885,NY
709529644,236.30.111.186,821,NY
1249144945,251.65.45.194,621,VT
798064800,213.122.150.135,844,PA
1700186956,27.156.188.133,195,VT
1186963041,224.66.80.104,134,VT
840750697,57.117.223.26,510,VT
2069719439,26.4.147.149,987,TX
1948381830,62.139.233.59,470,CT
1320083227,4.225.113.216,427,NY
1096518544,49.135.2.91,599,FL
829242804,212.87.179.236,619,ME
1562841712,144.150.152.125,19,TX
1223788538,233.6.228.119,293,CA
753315467,2.221.220.91,200,FL
1327634901,6.68.24.3,475,NJ
1675414762,154.171.220.26,459,VT
1772551418,170.9.110.1,759,CT
937726009,84.26.137.118,923,ME
1095510656,104.242.137.53,625,PA
691954855,15.247.164.3,299,CT
638513557,184.112.131.185,732,FL
1600645157,66.126.83.54,619,CT
1983866025,16.102.191.154,279,CA
824891822,48.70.23.237,932,ME
1214333811,61.32.78.38,498,PA
809345639,132.137.121.123,110,CA
786015646,206.39.118.146,395,CA
841260187,181.221.236.42,835,TX
1853925582,53.70.159.128,167,CT
710493881,33.149.216.166,720,CA
1255737576,66.169.160.28,945,NJ
1860493782,228.197.97.152,753,FL
2025765063,123.5.54.50,554,TX
1022584058,134.6.2.151,16,NY
2033681559,35.105.93.135,590,CO
1377011373,37.32.59.90,692,CT
748900938,52.74.95.147,584,CT
1269143875,155.136.143.115,963,NJ
654673802,175.72.230.75,97,PA
1237784729,231.109.240.111,606,VT
1230502942,202.14.169.81,92,ME
1125890701,239.183.222.148,750,VT
743514734,197.220.230.216,110,CA
1062715442,85.40.86.89,962,CA
1183268056,20.160.250.104,693,NJ
1008685547,104.126.33.117,923,CT
1458681009,207.155.19.206,965,NJ
777169078,145.9.188.80,926,NY
1972749180,156.126.9.231,883,CA
1882806356,92.174.66.105,606,PA
1674421911,87.99.246.71,489,CT
1084924461,73.218.101.174,214,PA
1268030651,236.205.217.55,703,CT
966123119,25.148.204.172,735,FL
1287587051,3.212.211.109,888,VT
1195942766,206.230.86.198,581,ME
1825492639,112.45.148.227,684,ME
1232047114,70.48.106.117,598,NJ
2016036767,111.142.34.222,85,PA
1022997708,73.181.131.82,381,CA
1166093661,145.221.98.27,456,CO
885958932,66.41.187.237,43,FL
1766570145,182.156.36.78,841,CA
733837177,96.20.44.248,752,CO
1702590869,55.160.173.195,3,CT
1600229347,54.58.219.15,639,NJ
912382905,153.136.160.119,284,TX
775033832,115.62.108.166,90,VT
1749072213,221.190.233.0,612,CT
1944755224,203.68.79.173,654,CO
634625179,123.51.81.101,602,NY
1921798832,38.209.207.66,863,CO
1933434354,62.7.190.18,569,NJ
1437654860,24.66.91.160,635,CA
1822329666,148.230.19.250,717,CA
1028499209,225.141.253.48,666,PA
1519730096,128.14.167.72,895,CT
1244546490,187.12.15.98,247,FL
1642755089,34.8.24.66,645,FL
1580802125,101.149.7.197,310,ME
1951109711,222.240.139.18,327,VT
766455739,138.172.1.136,10,FL
1263869797,51.139.177.206,539,TX
1062997080,214.115.216.70,590,TX
1586904115,143.104.178.46,56,NY
1691972517,10.156.118.183,386,VT
799370193,22.78.191.40,933,FL
920089917,236.40.179.53,106,NJ
1525369148,27.134.152.130,243,CA
1945666328,186.57.179.243,901,TX
1616070726,72.239.193.170,524,VT
879374351,96.34.213.218,128,CA
780179280,70.18.208.179,750,NY
1967883959,157.20.221.42,645,FL
1405286761,214.16.195.243,74,CA
1596462595,156.13.217.238,355,NY
1253114908,70.122.15.141,921,TX
1178872382,160.202.61.168,447,NJ
644641937,5.21.159.110,781,NJ
1467509821,54.84.245.3,308,FL
1314147825,40.138.191.234,547,PA
1345554307,144.169.28.251,483,NJ
2046617653,29.151.88.163,984,NJ
1253138277,250.156.51.182,64,NY
1236244279,177.248.187.207,46,CA
1264699614,52.229.36.96,770,TX
1413509064,76.29.242.144,962,NJ
1122201221,180.234.205.227,824,CT
1324364209,224.148.184.42,205,ME
668755479,89.24.237.99,15,FL
866889107,171.106.135.12,42,PA
1687502776,49.181.60.220,970,PA
1924223086,84.151.43.98,112,CA
1302875917,224.93.78.184,815,PA
797756214,3.26.215.47,471,PA
2016505636,67.206.9.229,6,FL
726044145,117.46.22.107,941,CO
892753139,34.102.97.116,730,CA
2070896945,78.17.173.178,862,TX
916231991,70.5.74.75,252,NJ
1103791428,91.76.108.187,713,TX
1437694128,71.144.193.73,796,CT
1235714490,161.122.214.40,609,PA
823844175,13.61.186.147,62,CA
1951127820,109.110.107.199,170,ME
1791263384,54.178.13.199,40,FL
2106050664,93.26.98.116,189,CO
1149680724,80.0.0.141,117,NY
729956172,155.13.13.132,919,VT
1598087256,62.161.166.137,543,FL
826336691,13.252.153.70,232,PA
1013633379,134.53.82.14,329,PA
1714600713,72.60.99.239,790,FL
874742351,190.119.250.26,641,VT
1072158571,251.167.159.248,312,CA
1576514123,163.165.23.143,3,PA
1503990460,129.159.62.232,769,NJ
705729399,151.133.184.145,926,PA
1286142038,243.30.167.190,331,CA
1885068698,98.134.51.37,701,CO
1707360634,63.131.207.16,509,VT
1443401507,106.118.230.99,537,CT
1180454514,125.24.149.246,697,NJ
975896049,201.71.166.115,892,FL
804262180,140.31.52.130,940,PA
919975231,54.88.172.203,766,NJ
671264662,232.142.152.245,751,VT
1199290418,112.10.220.4,54,FL
1049437933,245.59.43.64,910,PA
1505197590,221.64.63.68,60,NY
670080813,210.103.63.161,940,ME
1537187799,252.88.82.39,393,FL
1879208786,100.49.165.108,495,FL
981639417,168.106.51.123,408,FL
763908025,172.210.145.157,384,TX
1939930183,149.149.7.94,436,NY
1816809374,26.29.140.134,980,NJ
1550122304,133.134.236.61,148,TX
1203520152,59.146.237.65,840,NJ
1011854133,166.102.53.79,22,NJ
1492225065,234.249.46.193,12,ME
2112128846,239.117.239.43,526,CO
787016831,221.126.139.231,157,PA
1885654865,157.201.128.178,528,NJ
1531344969,179.250.47.188,31,TX
1183044664,211.54.228.96,778,FL
1049858477,169.161.247.101,28,FL
650025338,83.134.122.163,851,ME
1848699518,210.95.13.217,834,CO
1634757686,146.151.28.48,785,PA
1874631571,201.174.103.215,627,NY
1994775049,114.170.95.88,892,CA
1110727252,106.199.116.167,276,CA
1860166111,32.80.155.126,195,FL
1320843695,187.127.120.59,673,CA
702095956,38.215.149.199,708,ME
745270356,128.19.242.5,447,CA
1414330588,26.52.51.57,352,CT
1313462642,157.233.51.73,21,PA
866612037,124.85.8.74,219,NJ
2049613233,82.196.137.11,945,ME
1502117152,196.209.203.169,303,ME
1695195981,135.121.19.222,181,PA
774050345,186.177.33.189,470,CO
1330328050,92.241.185.82,965,CA
1679590395,147.162.231.199,77,VT
1395752818,18.212.124.74,874,NJ
1874541838,30.216.34.210,419,PA
1408863402,65.170.248.237,168,FL
966484343,111.137.31.182,535,CO
1402338240,15.61.94.149,60,CT
2032297842,110.157.37.223,938,CO
1143469213,14.245.251.244,767,VT
1083824252,55.17.61.172,669,VT
936689339,12.27.184.6,450,PA
1907757646,34.182.250.144,147,CO
1731592683,73.201.195.7,722,NY
1435003865,92.240.12.0,542,CO
897140052,156.204.154.213,925,ME
1722522944,184.206.203.150,477,FL
680276394,197.44.120.89,881,CA
688333717,59.129.139.183,674,VT
1266485820,18.29.151.147,436,CO
1973699589,116.132.187.151,322,ME
1335232322,22.104.31.9,881,NY
1412152013,69.146.109.179,511,PA
791846834,109.154.227.7,560,NY
2021706696,147.238.19.32,197,CO
1903505115,109.210.5.153,118,PA
1850528680,51.161.6.64,341,ME
1793327991,118.127.118.208,929,ME
1331032351,249.49.154.1,698,CA
1008336700,209.57.195.233,532,FL
2061367920,24.142.164.94,924,CO
1124438175,172.190.124.178,414,CT
1513969157,160.242.137.108,544,VT
1828254394,251.23.120.148,41,ME
1679451111,212.89.51.207,334,CA
1232610329,217.39.86.205,638,CO
1098272237,27.113.234.130,726,VT
1904371042,191.9.227.2,481,CO
964578306,70.121.252.133,800,NY
1371969960,202.206.130.90,540,NY
689800079,34.152.104.79,746,CT
936538346,196.61.45.95,330,FL
1618766980,69.133.197.200,751,ME
926601489,120.193.30.242,641,NY
1425367816,8.216.203.9,779,CO
2039040203,134.8.33.129,58,CT
1335363383,139.6.31.70,960,NY
970171433,146.245.95.186,204,NJ
2012538994,67.233.46.87,188,PA
643762349,93.230.214.11,267,CO
656151221,206.253.111.198,340,CO
1247912488,242.107.239.208,953,FL
1181891951,79.72.55.233,75,NY
767220785,221.72.187.191,847,ME
1435340522,127.200.202.17,711,CO
1520622446,188.146.251.103,299,FL
1076099472,38.163.121.47,544,FL
1000120002,71.26.212.147,420,NY
1333540064,27.51.127.140,731,NJ
1602366897,125.164.207.202,394,CA
892787811,220.91.139.90,779,TX
1124685996,23.157.252.245,924,NY
766087477,186.79.146.202,197,PA
1469521731,171.15.242.53,129,NY
767072111,5.6.172.80,439,PA
1342975221,126.74.230.221,952,NJ
1756454455,202.186.54.155,890,CA
1130956976,44.211.187.4,376,CO
1708907615,24.199.66.1,636,VT
1367525687,69.144.134.8,11,TX
2016797591,243.26.79.223,467,NJ
719977446,199.205.140.207,663,NJ
1864599757,251.22.78.168,779,PA
1683105610,102.162.166.141,826,VT
2100987299,40.86.122.82,785,NY
856369523,56.200.27.245,327,TX
1163050423,161.87.37.8,893,ME
2070298878,9.211.202.9,277,NY
821002405,206.0.168.29,165,PA
1349368592,93.161.210.250,870,CO
838079396,153.98.202.212,575,CA
1375064244,101.48.160.185,626,FL
1489171933,95.59.33.50,497,ME
1277439963,16.219.224.130,7,CA
1763378288,45.201.214.133,43,ME
1451704308,208.187.85.85,516,VT
1690485135,1.194.232.20,979,PA
1323438213,221.16.203.21,997,PA
1925355484,66.109.13.153,282,VT
1573577141,141.29.36.13,611,NY
976136343,14.34.219.195,464,CA
1810411012,246.83.86.207,197,CO
1469747027,90.51.128.88,607,NJ
1251537519,79.210.91.73,660,NJ
1378602247,77.196.155.91,18,CT
1800443499,68.47.79.185,390,VT
1828736137,214.214.213.105,12,VT
1731304086,31.34.119.240,235,NJ
1093543916,151.245.170.207,396,CT
1361772519,90.10.91.202,378,FL
1076038689,225.10.87.220,627,CT
1687963839,128.118.18.188,27,CT
1307448729,148.18.243.45,718,CT
1121679415,205.35.240.56,185,CT
1250322740,6.216.201.21,651,CO
1217601234,109.186.43.4,796,NJ
1565077690,253.207.195.211,751,NJ
978390520,69.39.40.61,793,ME
1778136889,16.16.183.113,510,CA
1156011235,110.250.205.93,449,VT
1794730757,95.11.118.99,935,CO
1543160669,73.177.209.11,601,CA
1528510495,194.179.208.104,32,NJ
1693846932,87.107.183.85,639,TX
1543121693,190.48.147.146,114,NJ
1579949731,162.93.210.156,362,NJ
1758930973,176.183.20.242,824,CT
795144556,44.42.173.145,126,CO
1425208294,205.223.33.157,612,PA
888291531,179.252.47.29,446,CO
1577740218,134.172.132.78,441,CO
1784473111,63.168.178.62,945,TX
1883870773,4.30.243.163,107,CO
701436699,226.21.24.102,279,ME
1705268355,155.53.245.107,953,CA
1560095797,161.254.155.52,514,VT
1834474957,56.71.8.237,244,NJ
1116081760,193.172.101.90,161,CA
1480160321,185.179.140.11,515,CT
1329710314,7.36.172.246,914,CO
936868920,139.164.111.140,492,CT
1577715309,205.145.53.174,169,TX
726151270,205.145.17.31,935,CT
1272718592,64.245.201.42,483,TX
1397949815,212.228.4.63,721,NJ
1156010637,172.209.58.56,157,ME
2105693101,23.110.53.98,811,VT
1623380717,3.158.182.83,456,NJ
1849864114,55.226.10.10,623,TX
1611202980,129.139.184.246,246,NJ
1894729504,140.143.154.125,881,PA
1036119381,228.13.56.221,256,FL
1621894925,246.167.187.47,400,FL
787557486,24.241.6.109,858,CA
699918316,221.180.55.210,242,FL
789829136,252.46.235.109,306,CA
639048350,147.137.69.173,461,ME
1348883170,198.110.251.120,877,CT
989381034,24.163.92.210,995,TX
2036908574,154.49.200.67,531,TX
969562865,166.167.74.44,784,NY
2090079856,192.182.158.237,283,PA
1107844948,191.200.5.111,685,CO
806583875,207.161.117.210,786,VT
2082962028,47.223.42.23,301,CT
842307216,40.36.230.196,968,PA
1391529482,136.164.14.98,62,FL
2100765051,218.249.43.33,787,NJ
809716138,113.187.22.173,731,CT
1436931255,98.117.45.96,518,CT
1316233821,9.237.48.194,423,CA
2110114924,53.251.67.10,235,CO
841186135,106.90.101.141,817,ME
1570101905,163.63.37.157,178,CA
2092228881,159.47.201.63,587,CO
983764469,196.154.144.215,836,PA
1869453089,235.12.161.231,791,PA
741977466,48.14.68.115,883,NY
1009741790,149.161.14.193,98,CT
1350675949,148.237.160.29,586,NJ
1789315170,247.224.113.237,558,CT
882153798,45.45.150.1,232,TX
1505940423,78.124.127.0,996,VT
1402775440,160.161.147.238,407,NJ
1630625625,198.73.145.247,933,NJ
1511652592,66.193.7.52,362,NY
1505058579,195.78.83.242,284,ME
778741176,38.169.22.48,938,CT
1136654986,207.17.149.165,60,TX
663671560,121.244.220.57,402,CO
946082947,93.175.128.47,45,CT
1057388716,22.18.5.189,518,CA
999077488,102.57.246.61,950,CA
1257449677,216.59.138.20,337,PA
1141628553,81.74.9.110,217,FL
2050723250,53.247.31.37,589,CO
687667313,119.122.175.197,33,PA
1387304016,118.56.22.128,305,PA
1970410874,101.142.116.67,474,TX
1112321622,83.123.15.28,431,NY
884659699,99.220.200.74,215,CO
1875822620,195.124.38.205,208,NY
1922054550,165.19.58.229,337,NJ
1938926427,103.212.230.87,452,NY
911165243,159.3.166.43,950,CT
1807142319,7.125.30.227,585,NJ
661283384,169.211.69.163,607,ME
1039735132,157.169.99.227,85,VT
721567787,136.57.119.39,369,TX
895038286,58.66.64.21,896,CA
879511104,229.173.59.238,510,TX
1215650050,174.67.84.95,4,TX
1733797584,55.168.201.7,400,ME
648394685,132.121.120.159,225,NJ
919133608,39.254.95.15,154,NJ
1579521061,241.67.203.184,586,PA
1364064462,221.84.205.162,606,CT
1916736950,9.126.185.167,211,CO
1304687157,187.214.166.142,844,TX
643166523,18.33.126.186,491,PA
899007648,249.85.92.42,172,ME
855305819,233.107.5.153,601,PA
1118159133,173.94.79.147,362,CO
1277215985,116.174.243.86,14,NJ
1782540295,86.211.192.4,912,NY
1867473594,19.119.254.254,580,VT
1222242186,123.196.16.140,829,NJ
2064860266,13.218.125.33,242,NJ
1658003513,12.157.12.15,718,VT
1843630678,131.79.134.24,43,NJ
1326213744,80.114.81.116,681,TX
1561162769,33.66.204.225,111,CT
1646052271,109.10.207.29,53,ME
963579771,177.33.34.202,199,ME
1991776126,180.217.193.79,778,VT
1422376523,175.151.117.195,388,FL
1520432669,210.199.183.95,48,CA
1703736528,179.156.159.3,368,NJ
977195508,1.12.41.2,790,CA
636573752,90.166.8.146,109,NY
1780125808,247.132.66.7,20,CO
2011440213,189.183.122.105,158,VT
1065895788,144.194.243.21,961,NY
921407395,53.218.58.108,525,ME
1746630013,18.29.48.214,420,NY
1958493107,186.196.163.77,92,CT
947395200,78.213.177.203,232,ME
1245901263,183.156.170.232,567,CO
1754309719,49.7.90.232,71,CT
1373926997,78.194.148.252,912,VT
1374672763,197.131.121.90,519,CT
1307241392,136.62.188.180,892,CT
2020628493,209.215.30.56,364,VT
1013607688,150.248.61.148,396,CT
1754247787,185.187.159.50,8,FL
1899720834,232.252.247.198,251,NY
1078554358,154.242.22.150,699,ME
1423344599,174.6.7.240,369,VT
1868483063,239.33.78.34,16,CT
1546400943,32.231.114.175,134,NJ
716765631,45.80.104.27,113,NJ
983826522,38.21.25.108,390,NY
760046017,70.67.199.135,56,NY
1576442663,223.142.97.233,595,VT
1787465804,178.157.231.7,118,NY
2027590082,241.66.41.247,356,ME
1915297023,214.219.195.251,156,CA
688907872,74.77.216.133,477,FL
1983465107,216.232.43.6,448,CA
1648812904,183.53.189.201,916,CT
1144800983,235.241.56.127,968,TX
884807874,115.116.64.83,866,CT
1235940959,33.185.141.24,390,CT
1925967970,244.29.200.18,182,TX
1616894746,195.63.141.117,721,CT
1235646630,5.238.122.20,182,NY
964434346,59.94.190.97,698,FL
1008926646,150.144.27.236,408,CA
1309784885,158.147.1.134,468,TX
960193686,126.167.195.221,498,PA
1619167719,59.57.19.125,742,TX
1186816785,140.128.250.206,714,NY
759952666,170.91.36.10,423,CT
1293018802,134.35.208.44,482,NJ
1840256504,142.138.46.190,272,VT
754060826,15.86.162.14,715,NY
1779090902,201.217.28.36,104,CA
1686848804,151.201.238.108,392,VT
1354344474,65.141.65.65,554,FL
944256476,164.93.180.50,875,ME
1842326023,240.196.98.12,768,CA
854382561,221.252.232.201,142,CA
1015171879,93.78.134.223,706,ME
1104446672,218.97.188.239,64,CT
1913246145,221.118.147.57,104,PA
1890606610,135.111.231.216,454,FL
774689457,244.166.209.111,674,ME
1178977019,62.154.15.98,74,FL
1790360801,73.50.50.120,592,NY
1409544313,104.75.149.203,229,PA
1853003948,134.9.138.78,987,VT
1349498279,244.156.214.229,589,ME
1622658723,158.113.138.147,27,NJ
1014707253,180.48.219.85,564,CT
992951057,51.214.91.13,379,NY
2072026203,130.171.52.209,867,ME
1228960314,25.190.159.141,627,CA
1861176156,213.115.34.33,306,FL
1836789792,148.246.158.252,782,NJ
1670576935,169.35.57.194,266,NJ
1077032310,114.1.219.210,825,NJ
782158442,157.76.97.181,984,NY
719251650,172.215.153.228,501,TX
978752302,15.67.165.207,760,PA
1779008182,102.65.70.101,128,CT
1152009091,53.44.106.198,93,FL
1147933912,109.39.236.58,886,NY
1362416612,83.203.45.186,153,CA
1195627591,194.222.137.73,649,CO
1845455900,192.248.81.166,533,TX
1105641339,75.5.95.165,513,TX
1240291407,21.208.213.53,341,PA
954459704,65.36.186.31,758,TX
1135925067,220.216.12.100,425,PA
1113510226,202.112.247.49,635,CT
1547617685,134.159.96.94,89,CT
2079356440,166.126.80.194,77,CT
1468243050,148.231.1.196,656,ME
1939476430,154.173.132.253,430,ME
1872705440,27.248.37.152,678,CA
689427499,122.130.93.239,34,NY
1938196109,106.159.219.233,193,FL
1063864344,6.136.19.52,270,NY
664644764,25.119.88.237,491,CA
1024209689,148.87.200.102,944,FL
1599691989,44.158.3.124,357,NY
806063011,156.12.34.56,563,FL
1032327785,41.248.83.135,358,TX
1182973783,62.167.47.78,910,NJ
733423313,6.207.56.104,607,FL
718512605,10.169.232.197,574,NJ
1868630578,96.77.9.246,663,NY
1013595864,158.219.108.117,270,NJ
1094046186,59.90.129.164,443,TX
1989503795,24.182.107.149,615,CA
1079821839,93.35.63.42,260,CT
838033211,189.140.84.232,391,PA
2090353107,155.143.233.26,693,FL
1024675804,30.48.163.91,862,ME
651655191,32.162.3.197,325,CT
1176011606,68.115.158.17,313,NJ
739099053,239.13.37.152,117,CT
646314464,139.130.115.246,9,ME
892517049,241.143.43.31,607,NJ
745995167,16.139.194.177,79,NY
1363270064,0.253.103.120,383,TX
1245681489,149.112.139.50,530,FL
1947368924,190.219.72.29,206,ME
1208203267,199.66.170.220,95,ME
1489561284,200.156.199.152,630,FL
1532003935,130.123.206.176,502,CA
1893512886,243.52.68.87,372,VT
1837218943,152.181.105.212,458,PA
1696182446,115.28.182.67,354,VT
979659594,109.97.91.96,514,FL
1402243037,26.205.147.46,743,PA
636576668,116.124.100.152,336,VT
1543342748,2.170.67.241,117,NY
1116743161,183.241.50.37,207,CO
1191839469,225.46.78.165,458,VT
1053338850,144.183.13.66,73,NJ
1060923693,222.90.158.110,182,NJ
1637554436,114.75.163.77,418,CT
1557713129,162.122.40.188,758,CA
1089021480,67.185.187.133,495,NY
1523829840,70.218.86.209,765,VT
1161453347,192.135.227.23,310,ME
1770655963,101.126.115.188,854,CT
1431969698,85.184.211.179,962,CO
1200609821,40.201.2.40,261,CT
1379295949,105.81.50.191,526,ME
700651845,45.41.101.23,235,CT
1866727086,72.237.232.22,940,CA
895155580,49.59.119.91,571,CT
853840758,20.116.222.219,93,PA
2111355698,177.228.50.26,73,VT
885894700,238.184.25.142,589,VT
2052553766,24.253.26.142,415,CA
858158160,18.44.47.19,94,NJ
1496921059,151.81.194.154,395,ME
1700381598,70.187.92.100,141,NJ
2059589291,187.134.121.199,325,PA
1272590634,10.8.165.160,529,PA
846311451,45.172.27.246,568,NY
1273347160,86.245.210.180,437,CO
2073994318,152.84.139.173,495,CT
1550823695,41.54.177.78,9,PA
1772530911,52.147.1.103,162,FL
2099331424,49.173.59.24,556,CA
1573159353,59.97.107.133,490,ME
1459638979,83.152.171.177,997,NJ
1142387025,18.110.110.121,632,CO
932141536,168.59.82.67,605,NJ
1402263665,73.123.93.43,22,ME
836095437,49.91.63.11,211,FL
2070920596,20.222.120.91,629,TX
1837697027,66.232.190.65,454,CO
1840061943,227.64.1.235,297,NY
1466974101,120.183.187.239,675,CT
842792354,226.77.185.219,301,CA
851059171,160.177.35.181,454,CO
914640100,247.31.158.5,712,CA
1071433047,232.12.238.69,424,NY
1085424659,37.160.190.221,788,CO
1011030432,106.64.138.151,721,CT
1654502391,56.47.82.140,771,VT
1408724394,138.193.151.44,640,VT
1051595594,75.82.88.250,151,FL
1630612084,174.118.238.82,717,CA
867313597,37.109.242.195,561,FL
898639305,181.194.101.210,790,CA
943115468,231.1.201.241,534,FL
1049664256,212.166.198.68,500,TX
1064100194,25.68.223.82,902,CT
1346944642,163.168.165.149,594,NJ
1372048896,188.179.119.90,301,TX
1668398426,143.70.37.235,46,ME
1773143234,209.157.230.49,280,FL
1986402309,254.191.91.144,961,VT
1038666058,103.235.70.43,45,FL
982622542,65.154.140.131,464,CO
929548037,101.138.169.157,618,CT
866321703,241.78.178.70,821,FL
972813800,8.24.7.109,342,NJ
999223060,41.132.146.186,843,FL
687231743,163.1.153.102,630,NJ
1844427776,193.96.210.50,112,TX
1496714856,55.104.171.247,233,TX
712862515,34.105.178.81,20,VT
1361130194,179.94.146.200,999,NJ
685021276,99.4.186.60,845,FL
1479631810,20.183.123.160,254,FL
1161148835,167.38.106.78,83,TX
1655519178,48.129.156.154,489,FL
1591579859,27.52.48.130,569,VT
811842384,233.68.77.36,918,TX
1446580409,222.13.91.165,619,VT
1762574548,43.181.141.126,109,ME
1437016754,199.65.7.109,439,VT
1084050367,130.166.1.38,363,CO
1198271599,103.92.128.205,94,NY
690252697,182.25.187.54,458,NJ
639162880,177.52.102.128,132,PA
1000394980,134.238.99.89,716,CA
818697414,241.119.131.119,711,CA
1979760820,174.203.196.58,320,PA
1911176904,179.189.211.22,217,ME
1798171820,162.81.65.115,197,TX
810686406,97.204.179.152,819,PA
1828102739,27.77.231.162,65,CT
1070540778,196.235.159.216,315,FL
1968978882,215.25.228.83,146,FL
1221240373,222.30.174.133,856,FL
1491385727,164.149.173.140,431,CA
1980662523,199.77.14.201,665,FL
643421532,212.242.16.77,103,VT
805924590,239.117.230.67,702,PA
1675900416,179.206.114.59,181,CO
825481715,127.175.12.129,724,TX
953731738,88.106.224.144,633,VT
