2083318947,108.68.252.252,343,NY
1206612256,194.153.237.77,34,NJ
1069543013,144.190.165.179,610,CA
1351550044,133.79.127.100,603,NJ
1470636717,43.2.177.53,600,CO
1296409960,180.53.72.37,125,CT
1516449984,254.1.53.32,466,VT
1422478007,185.74.140.69,916,VT
822215370,96.183.68.216,696,CA
1337290422,70.190.137.200,932,CO
1925940217,30.120.143.178,154,CO
1210699404,103.194.113.112,413,ME
1204719274,127.159.59.103,213,CA
965799628,56.146.253.149,222,TX
1476823630,76.118.88.236,263,ME
2084341110,102.178.1.44,737,NY
1008829743,39.130.198.90,942,CT
673966734,97.50.180.180,646,CO
1324712921,132.124.36.113,365,NJ
1337060860,135.9.87.126,762,ME
1137728652,41.72.168.79,548,FL
2023011881,163.195.162.214,199,VT
1874178004,9.157.2.58,181,CO
1390829242,56.2.190.183,615,VT
1128324771,134.107.93.171,100,CO
861432613,254.14.241.230,40,FL
1783726628,149.40.168.9,543,PA
1459896097,14.30.73.85,175,TX
1839121613,42.243.129.37,173,CT
1544451047,88.122.33.68,450,NJ
1149651317,169.151.122.143,522,VT
732793791,48.95.16.100,195,FL
911145040,234.153.222.159,546,NJ
1828865628,221.94.108.233,258,CO
1748870589,204.0.80.228,27,FL
739440494,103.168.126.197,516,CA
907117506,158.3.209.150,203,VT
1307274441,152.64.103.223,826,TX
1425918633,233.187.247.236,555,CA
1562001745,81.74.100.210,345,VT
1244720657,26.219.117.74,704,TX
1000155974,197.110.67.195,549,FL
2031260021,26.122.5.7,642,CT
1371819892,145.246.32.107,614,VT
2053594763,102.47.125.149,161,FL
1613724454,103.129.24.104,902,VT
884678465,109.192.117.117,648,CT
1894214537,124.59.207.187,646,FL
1320353377,222.230.171.182,507,ME
1566958920,112.157.167.100,16,PA
1111637987,54.213.145.108,843,CO
1597937298,92.30.126.157,643,CO
1656024853,127.134.77.254,588,VT
1190224200,242.186.45.46,925,CO
878601544,195.38.109.177,446,CO
1456022762,226.176.172.119,101,NJ
1737066795,224.180.156.14,754,NY
1897390474,78.127.79.216,528,CT
1306099182,248.108.237.76,106,TX
2086542124,45.222.181.93,508,VT
1928266059,189.54.65.82,61,ME
1145623311,56.53.35.114,460,CO
1036285206,86.204.35.175,814,NY
1229583416,241.103.166.219,57,VT
2099629790,156.201.219.213,109,ME
1619280756,159.112.190.86,21,FL
1015310878,100.191.247.248,224,ME
758683125,14.14.133.175,717,FL
1641712616,150.221.12.57,360,CT
1426773129,147.21.204.11,379,NY
701112390,50.139.64.27,389,TX
1578806701,4.17.127.18,494,CT
729660621,47.128.195.206,304,TX
899107313,248.99.25.35,112,CO
1091766158,188.42.207.52,233,FL
1836520505,254.13.17.183,996,CT
1703582185,43.118.253.4,876,PA
2051192287,87.179.160.44,427,TX
774779190,120.183.31.146,526,FL
1260413867,59.243.16.189,581,NJ
1301131753,30.234.129.61,989,NJ
1653655412,14.234.224.240,731,TX
1027839109,143.38.118.31,214,PA
1632171226,48.194.4.240,366,NJ
1780437777,59.138.140.63,586,VT
892275618,156.125.86.138,261,NY
904563612,93.175.141.189,608,NJ
1689594326,244.85.14.112,596,CA
1152260249,121.210.42.208,59,NJ
1696195973,156.167.235.207,205,VT
1168837654,217.202.180.54,470,VT
1774358489,254.181.230.133,607,CA
1612581350,232.106.80.101,953,TX
1693190987,37.103.127.80,894,ME
707553529,165.223.87.138,434,PA
1439048138,123.203.195.47,309,CT
1893530242,39.167.111.249,203,NJ
908912152,240.169.87.211,208,ME
2037932930,83.171.248.192,513,PA
1972379567,253.114.147.155,687,CA
1448899085,190.29.13.3,220,FL
910489053,26.36.230.193,290,NY
1834474405,42.208.245.53,851,NY
738169259,40.239.155.227,954,CA
1208413852,38.148.162.92,316,NY
1048782352,102.104.164.114,253,CO
812128352,177.54.16.19,987,FL
839898857,99.242.190.0,911,NJ
800758519,91.60.201.93,916,CA
1329268368,110.74.197.142,379,ME
1823524732,178.38.242.182,694,NJ
1538239802,131.184.183.183,168,CO
2092607164,77.218.204.247,69,ME
1339697913,124.163.251.145,425,VT
1253749225,236.157.32.194,39,VT
1196134427,119.184.44.141,285,TX
1855513752,21.18.113.96,182,TX
867617929,40.111.200.35,487,CA
904496295,246.99.51.146,10,PA
1390022274,217.28.241.137,217,CO
863297355,229.112.202.155,508,CT
2107958785,181.146.148.99,808,CA
889272199,141.248.242.62,771,ME
1761203724,89.151.134.138,746,CT
753294681,34.203.121.224,587,TX
1307611630,10.177.1.192,756,TX
994237366,152.22.213.237,233,ME
728242331,126.202.34.204,565,PA
644528719,52.76.203.35,435,VT
675328913,252.168.149.166,368,CA
1007204194,103.218.174.247,485,ME
1823758122,140.70.92.124,47,CT
1477648697,164.216.146.243,838,CT
1087009162,150.65.42.181,583,NJ
1903150988,26.80.27.101,171,NY
866610108,13.133.139.138,33,FL
1794902084,221.61.91.81,425,NY
2079762562,240.188.159.154,395,FL
2043691667,88.50.0.122,239,NY
920020108,201.221.126.232,612,TX
1641825016,162.183.48.87,379,PA
1321994425,200.3.201.129,149,PA
1993982067,160.102.117.194,836,PA
1545667591,54.121.130.26,413,NY
1863920731,11.125.206.154,753,FL
1765966865,54.45.130.217,11,VT
1152607380,93.32.167.109,959,CA
1849226163,224.33.155.149,307,NJ
1593386869,31.249.94.20,629,FL
1677411937,236.6.161.43,842,TX
866677197,103.118.25.253,805,TX
1882249517,149.87.20.117,858,CO
1296439084,120.110.83.82,154,CA
1171098328,65.6.81.99,487,VT
1381847267,163.124.186.19,786,NJ
1559440777,130.55.21.173,212,CT
719010331,115.156.68.180,690,NY
690595558,126.175.205.15,947,NJ
1385819208,22.185.145.39,204,CO
1480404622,162.32.120.198,891,ME
1477942593,89.39.61.176,474,NY
1206930017,181.32.207.69,870,VT
1070723665,64.109.154.51,449,ME
1638959226,144.1.128.75,281,FL
633902722,25.64.228.13,71,TX
634167595,76.43.173.118,462,TX
1482732552,161.239.15.190,468,CA
1823113612,109.34.136.96,797,TX
763791024,171.103.240.154,805,NJ
1410777916,88.8.227.131,412,TX
1100945840,200.94.110.208,995,ME
1566367848,155.176.207.118,897,ME
1754296175,231.160.136.128,973,TX
1521889596,99.198.61.62,575,FL
1321388700,216.73.182.76,234,PA
1665722897,250.121.85.143,704,CT
1798881794,77.241.147.148,12,CO
1164027610,132.191.70.155,42,ME
1242782305,51.56.32.6,842,ME
1124078729,30.59.27.22,255,CO
1141857223,179.30.210.25,446,CA
896550552,129.215.164.204,301,VT
2070294756,50.166.50.0,249,CO
1090873842,165.23.182.122,1,PA
1099428094,3.165.79.146,196,CO
2046952083,210.229.228.217,615,PA
1814849334,232.175.171.29,176,FL
1213323094,136.79.136.254,613,PA
743005318,185.125.34.105,136,TX
2060962791,202.6.199.58,193,CT
804614792,26.170.88.12,590,FL
663885143,167.139.183.201,335,CO
911239363,51.188.54.112,568,NY
1463329567,109.15.1.76,560,CT
1860076585,80.134.4.182,529,CA
785460321,214.150.20.216,212,TX
1352356468,61.238.72.61,809,CA
1001453942,76.116.206.188,816,CT
1784980122,133.34.233.163,646,CT
655737582,173.228.253.234,738,CT
734899627,51.225.229.192,805,CO
1728782855,13.176.250.167,849,CO
1973646477,69.200.204.117,706,VT
1593549672,178.201.142.10,887,NJ
1726626841,197.55.160.242,945,CT
1781709729,14.98.154.88,440,CA
1693077912,17.138.67.84,217,PA
1171937949,31.48.188.62,906,TX
2072745106,240.222.176.222,138,NY
1882497251,170.69.192.120,376,NJ
1380039670,105.253.53.181,746,FL
2045511321,251.105.199.60,744,NJ
988529734,26.228.105.72,547,NJ
1768524381,59.39.64.184,814,TX
815171602,17.66.11.143,440,NY
2048609038,118.174.129.12,298,ME
1130571084,92.216.77.173,870,ME
1529188111,136.97.197.234,731,CA
1143085021,159.22.84.40,191,VT
1433634125,199.87.150.79,11,CA
1119039364,241.226.89.235,196,CT
1236731161,51.214.233.75,650,CA
1547019090,99.232.108.57,816,NY
1353743143,58.220.235.217,94,CT
1954165641,253.72.49.83,304,TX
1518815459,187.57.51.123,900,VT
1651641514,86.218.23.84,386,FL
675953761,138.236.172.254,371,CO
1771545041,33.229.11.30,600,PA
673200351,149.85.149.163,591,ME
819321046,110.16.182.83,274,CA
769171249,160.198.78.78,870,VT
1924833521,180.115.122.138,385,TX
1930132740,16.57.35.154,256,NJ
1089910856,223.3.214.14,258,NJ
823854592,185.22.144.140,376,NY
1655006390,89.71.219.243,936,FL
1314249835,220.153.28.173,276,CT
897555592,46.14.181.93,844,VT
1962522672,243.30.157.14,202,FL
1871541834,7.55.42.84,738,VT
1699374141,50.0.1.155,472,PA
1961136447,83.86.232.154,233,ME
2022968793,217.160.13.198,272,CT
950422552,108.143.234.33,158,ME
720724655,88.70.122.19,276,ME
1601282291,2.135.5.217,378,FL
1618262235,74.19.82.38,350,NJ
2053319363,17.230.41.17,673,ME
1338454594,243.127.155.159,176,PA
948161633,128.135.31.125,418,CA
1829261551,241.13.173.116,188,ME
1027262050,241.160.26.181,13,NY
1028655972,209.170.123.169,981,VT
658053466,51.152.235.186,597,VT
1241537744,148.24.142.227,121,CO
1744518384,170.68.247.221,503,NJ
840793276,57.126.22.54,392,PA
1713280795,175.44.104.79,450,CT
1890632346,216.147.214.49,755,VT
1027566057,71.25.180.144,317,NY
1976411178,197.154.59.96,448,NY
1044011522,147.93.253.31,427,CO
1951823968,165.71.23.20,34,CT
1844972400,115.224.148.103,296,VT
949196432,131.17.239.45,596,FL
1176318876,250.81.32.37,909,ME
1919514870,55.126.162.197,530,TX
1719017272,23.28.134.248,564,CT
943773952,233.136.194.131,536,CT
826755871,248.121.128.23,101,CO
883817469,155.246.17.204,606,CO
1845734858,205.80.222.95,206,TX
1265178113,60.94.14.86,205,NY
998975814,52.233.30.203,628,FL
1602211763,237.153.198.17,902,VT
796516719,180.62.140.123,991,NJ
2081985715,160.124.79.186,500,CO
1168293144,190.20.186.21,631,PA
1226636745,206.161.240.136,629,CA
1394013795,178.152.166.190,621,PA
1140277639,101.134.169.242,934,FL
1721075114,127.173.30.236,530,PA
1436705868,63.46.159.135,696,ME
1526557413,115.193.156.120,87,VT
1897830762,205.223.177.228,859,NJ
1291053361,87.57.157.142,705,NY
850118257,250.203.15.148,999,ME
1498748039,51.27.105.126,595,CO
1187023192,166.173.55.96,886,NY
1882173126,219.33.68.220,849,CT
2099302815,18.9.254.143,532,NJ
1055747720,170.78.202.28,145,TX
798773528,243.59.199.49,506,NJ
1396225046,191.186.33.204,793,NJ
785776215,34.245.83.178,424,PA
1510606331,167.243.28.138,428,PA
1019147829,128.139.209.87,306,TX
1947535732,133.122.172.8,634,VT
1340555850,164.223.196.194,209,CO
1200978914,172.122.101.108,613,FL
673608717,120.47.27.73,415,FL
1541303323,206.134.174.41,486,ME
1678196298,227.119.165.149,551,FL
1605665874,169.81.42.237,792,CT
1130410512,21.140.62.222,946,CO
2019260792,2.132.126.150,447,CO
2036375458,232.190.119.199,523,CT
1889841540,15.131.9.210,360,NJ
838521983,194.218.41.31,655,CO
1859048711,224.219.88.203,405,CO
844390428,146.84.172.238,516,ME
1220649342,46.17.98.161,532,PA
2027726186,96.202.167.250,969,NJ
1934270448,50.145.181.239,774,TX
1475607129,53.110.198.141,722,CT
1296992741,200.18.62.253,483,VT
2081750518,214.173.236.23,170,CA
1301724895,192.219.249.29,156,CT
1995782609,115.59.91.235,686,FL
955164737,171.11.244.227,277,TX
1925250744,128.58.9.121,664,PA
1379094362,221.118.14.148,524,TX
1341071844,36.152.14.57,737,PA
681561415,160.76.171.155,589,CA
762965304,145.186.80.26,362,CT
1901976888,187.170.160.191,665,NJ
1585365677,10.132.27.124,370,CO
1800141876,109.36.110.50,52,ME
1264945352,221.190.93.140,186,CT
885596004,71.79.228.247,980,TX
2113258550,201.199.52.145,540,NJ
1449458693,239.212.215.130,979,TX
973425768,71.224.33.172,666,NJ
1388681380,42.31.180.108,554,TX
1457627766,146.168.161.61,432,CT
1378667164,48.109.131.137,112,CA
1074077251,125.182.25.97,182,FL
755610619,186.7.35.101,388,PA
720151212,149.204.62.101,993,PA
1508382989,113.14.162.18,227,PA
1572554422,131.120.241.138,996,FL
829417350,86.62.141.248,406,FL
1723169775,58.43.143.86,715,ME
1862189608,34.50.103.62,203,CT
2098264079,101.120.62.36,562,PA
1085705596,101.254.35.64,269,CO
1167526032,30.29.236.211,822,FL
1322969807,55.49.75.121,810,CT
1719438214,182.39.114.115,658,CT
1322683341,28.176.6.222,400,TX
1560341939,126.58.237.72,32,ME
1456400025,76.135.13.67,588,CT
1526816790,199.72.21.46,48,CO
1880521694,20.65.121.42,40,TX
1721981813,222.100.129.174,212,TX
1319803755,183.73.138.112,240,CT
1117771536,101.209.97.81,709,VT
1391342131,129.114.157.50,199,VT
1728981918,211.180.234.163,770,TX
782224349,129.48.237.75,96,VT
756549856,115.198.182.152,83,VT
1679578263,56.32.231.236,369,VT
781959301,212.86.220.21,893,TX
756868972,56.153.203.117,713,ME
814719350,113.73.219.57,331,FL
1184081893,112.178.223.109,110,NJ
952223578,250.99.163.26,99,NY
1343932936,220.88.192.213,105,PA
1663049909,129.188.116.89,767,TX
1084560973,19.60.67.223,697,TX
689281227,145.143.35.182,330,ME
811343044,64.7.86.175,323,TX
1521440040,83.249.47.41,388,ME
1141305050,59.147.30.158,302,CO
1588386189,181.20.240.65,807,CO
1003706200,3.147.53.126,913,ME
1074023822,168.224.57.100,509,CO
1785622059,76.186.3.92,565,TX
806991912,101.116.31.91,348,NJ
1672310667,63.234.57.179,819,CA
1261593553,121.181.231.235,976,FL
1294306723,211.48.155.161,976,PA
2048706028,137.235.126.203,662,PA
1917372255,62.144.158.75,250,TX
1137978352,11.210.243.80,575,TX
1176140956,133.176.219.187,342,CO
1282662220,240.172.225.187,814,NY
1466387481,158.175.201.147,443,PA
797875814,55.214.161.154,692,ME
802647643,244.79.149.7,143,VT
2112937233,4.18.202.49,156,NJ
1638638475,89.211.112.143,960,VT
818818817,249.133.150.219,97,VT
2079992557,94.62.33.9,753,NY
1397411680,153.4.229.150,599,CO
1304294945,214.142.157.49,385,NJ
828086278,200.129.145.213,64,FL
1443942117,34.192.228.241,431,VT
868716171,14.18.178.163,702,TX
1981897307,242.245.7.137,549,FL
752146145,253.239.35.77,912,CO
905196516,80.155.231.41,778,PA
1086815863,124.211.33.98,722,NY
981557491,121.133.89.200,146,VT
792674083,147.68.10.140,726,CA
1839322164,111.120.73.248,982,PA
2105827789,217.183.103.121,909,CT
1590879331,253.241.5.174,588,PA
1586029558,96.75.27.67,68,CA
1341109035,61.57.247.177,183,FL
1664902947,23.1.96.243,658,FL
1973859604,118.2.158.156,199,CO
784938266,89.74.31.36,819,CT
1659359368,110.217.252.79,724,NJ
1574253103,222.72.72.31,192,PA
2110123183,16.31.142.240,452,FL
1533769240,244.209.73.145,852,CA
1465341552,23.70.64.42,250,NJ
1913239491,119.100.51.135,388,CO
1737406103,212.128.1.161,697,VT
1096454101,10.24.153.148,329,CA
1641241279,193.55.105.227,561,CA
1077693027,221.81.103.223,977,FL
1145969114,180.129.29.132,39,VT
2108955526,169.241.142.236,853,CO
2007492856,118.33.16.143,522,CO
1870378925,18.16.56.215,915,NY
926184530,53.213.180.173,261,NY
1431518862,71.14.88.120,111,CT
1476884631,46.112.42.216,668,VT
1759662247,9.65.253.233,835,NJ
670146586,4.148.151.192,395,VT
649836010,216.12.144.157,126,FL
1364023505,66.240.99.190,113,NJ
896272178,221.133.38.197,784,PA
1600819548,87.246.109.8,715,NJ
1860653869,168.240.41.212,46,TX
1794193103,27.162.222.202,206,VT
1611684782,222.99.32.93,435,FL
704602738,194.108.8.167,842,FL
1765902644,143.102.235.173,966,NY
2022186122,59.213.229.158,401,PA
1740786185,14.89.213.121,409,CT
669122735,0.131.220.110,668,FL
1557351338,208.249.12.6,346,NY
1577493231,161.126.248.234,328,ME
642933494,128.146.122.49,718,NY
1078865738,4.168.52.221,747,ME
1358388526,171.85.70.212,33,VT
1277707629,91.22.228.156,645,PA
714051984,129.96.25.238,372,CA
1023201251,5.86.173.172,424,NY
1595641140,154.75.18.181,132,NJ
1969148023,62.87.211.237,702,CO
1325372418,148.233.156.122,316,CO
1664106977,231.125.97.92,339,CO
908208416,195.15.218.134,178,NY
1099320450,109.238.123.210,175,NY
1585204475,86.1.76.73,962,PA
837327660,162.180.20.36,409,PA
814026056,94.107.226.0,175,NY
1295385457,206.191.131.91,831,CT
1593606858,18.66.94.246,335,TX
1093172587,109.97.248.47,344,CT
781266230,95.179.143.23,881,CT
1417941623,123.97.88.10,408,PA
933285718,106.65.160.147,136,ME
1699009649,76.133.160.66,867,FL
1649882782,210.23.186.34,58,ME
1719965204,106.95.235.5,287,CA
1478736654,170.172.224.74,996,CT
864192275,62.80.60.226,261,CT
676868554,29.98.247.38,352,CA
1735659750,207.252.186.228,207,ME
1496293459,223.141.13.19,970,PA
2000816314,66.209.194.60,308,CO
806264703,246.161.37.89,342,VT
1425923810,116.7.112.53,362,CT
931263862,67.23.170.157,69,FL
661153759,243.106.95.71,275,CT
1820376939,150.83.177.157,748,VT
1786448380,80.173.142.191,343,ME
1226714150,243.189.130.206,586,CA
1611052168,149.237.108.251,906,TX
1799633860,92.206.19.7,850,TX
1517511564,172.212.77.49,949,NY
1358916323,73.139.207.37,688,PA
956150474,76.185.225.12,941,NJ
1753015114,68.233.69.171,675,PA
2049971417,119.17.143.34,38,CA
682238545,183.221.40.37,404,FL
1903457603,154.174.3.142,49,ME
733205544,17.100.231.62,292,CO
1949727522,212.76.127.49,767,CT
767570414,164.119.217.186,293,NJ
1433389499,98.163.35.153,84,NY
2029897277,129.38.177.98,369,ME
1645918710,198.242.235.32,521,VT
929234833,104.116.58.4,906,CO
1573265260,196.143.179.170,811,TX
1893097381,38.119.226.134,303,NJ
1217134730,190.18.139.150,796,TX
2088049254,176.242.216.93,838,CT
1105823773,78.204.33.199,295,CT
1763656856,246.74.15.215,915,NY
1288003368,29.213.145.182,970,FL
1551071288,104.8.192.62,98,CT
2076766908,23.207.164.113,567,CT
2074681696,211.125.88.243,985,CA
1206742071,226.186.80.54,702,CO
1649867588,192.234.86.18,298,CT
1154091259,165.0.171.77,492,TX
1491030090,246.150.75.141,464,ME
1668344821,33.78.128.245,423,PA
1345862421,25.3.84.93,183,ME
1431056481,44.91.178.81,76,CO
951548540,167.216.17.153,561,ME
1907346381,124.109.153.104,391,CO
1106740121,45.182.115.253,772,TX
1193192127,28.81.135.62,422,FL
1120417705,7.124.220.35,585,PA
1846470273,139.84.51.40,37,FL
1997473070,95.20.148.107,179,CA
1275077280,93.186.93.73,397,ME
1743602522,87.41.216.75,348,CA
1979816420,191.63.85.70,370,NY
2092941534,202.152.108.38,223,NJ
1228428385,197.25.125.191,650,CA
1015178055,221.207.6.203,191,VT
1901490043,78.246.224.139,685,NY
1085384427,122.64.184.22,393,CT
790109200,76.23.242.83,743,PA
813237820,243.217.114.221,194,TX
796586643,75.84.40.150,746,TX
1861418417,11.46.181.186,237,PA
1642469253,25.228.166.38,841,ME
1071610723,222.65.157.111,854,FL
1535318063,41.179.27.41,999,TX
1334998880,170.166.31.107,192,TX
1006308774,29.168.220.249,214,CO
1459991687,3.40.51.171,643,CO
1354121948,231.6.234.87,147,NY
1983233412,219.183.134.34,444,NY
1876149126,18.212.209.151,90,CO
1414283137,204.212.138.194,418,VT
788275937,45.10.167.55,900,CT
1542544115,179.89.31.27,753,NY
905444766,86.77.170.17,721,TX
1231974542,197.108.137.5,762,CT
1580806259,80.83.159.225,379,CA
920803287,49.114.80.8,718,ME
1909450160,168.165.204.223,892,CA
1951156826,12.193.164.177,87,TX
1404955756,98.245.134.87,406,CA
2033015224,52.31.41.248,482,ME
1429134960,142.55.96.28,884,VT
1342269869,57.28.123.170,950,PA
1389346002,213.14.241.83,228,NY
2090429095,134.83.44.114,697,NY
1555379566,190.35.253.239,902,FL
1521302326,206.169.25.105,42,FL
1707189133,139.139.144.229,982,CA
722417920,217.213.169.24,236,NJ
1565438101,197.12.122.143,304,VT
1964607915,205.60.97.184,504,CO
775266773,29.200.40.167,775,CA
798446342,61.146.89.217,91,TX
852481147,231.79.87.110,966,ME
1452818895,147.151.59.47,873,CT
1867368314,91.173.193.111,460,NY
1743558510,91.62.92.119,992,CO
1244169120,40.48.162.95,640,PA
1904637090,229.252.246.182,285,CO
853664892,126.162.57.183,100,ME
1190471705,8.211.54.98,423,ME
1465802265,245.3.90.44,607,CO
815167627,201.140.159.186,830,PA
1171915313,186.73.38.37,443,CT
2086091410,41.116.38.26,614,CO
1549620137,102.152.43.53,981,CA
1753423904,83.47.37.182,353,CO
1180708788,16.44.88.120,343,CT
1554699881,184.31.166.234,654,NY
1315517529,235.76.6.25,75,VT
1253953577,231.108.159.74,939,ME
1626854717,33.139.78.139,537,CO
873436282,120.26.44.218,912,TX
1870464451,169.28.158.202,781,ME
1932196155,0.0.96.136,237,FL
807317968,145.91.199.109,755,FL
1354690672,242.111.179.51,753,NY
1033590926,14.128.47.188,364,TX
1342895934,171.57.56.118,103,CT
760016484,149.92.84.153,945,CA
1526151203,253.180.160.70,582,NJ
1006243777,135.120.79.104,286,CA
867140196,14.112.64.28,712,TX
1513913326,186.36.50.7,560,TX
744972507,11.191.144.193,169,VT
1163616645,141.111.68.100,772,NJ
887148084,96.57.21.106,632,NY
1842500658,217.9.155.181,195,PA
664592165,219.239.157.155,639,ME
1428205291,25.22.12.175,336,TX
1443284032,114.75.215.185,458,ME
1040319675,0.56.150.248,675,VT
757013208,174.62.47.198,374,VT
1174163244,178.53.8.113,821,FL
975777195,54.101.74.22,498,TX
1409896102,67.96.64.228,414,CA
1995879465,11.157.35.47,466,FL
1363719636,247.30.170.172,3,TX
1776200995,51.67.199.20,1,NY
2023861265,79.122.119.39,15,NY
2036229750,193.1.240.133,635,NJ
2109655501,180.104.157.38,806,ME
1874997836,36.148.222.49,323,TX
2017109438,197.206.51.189,140,CA
1253978083,35.123.123.74,651,ME
2088987803,254.71.174.8,95,ME
1912748450,2.30.83.163,121,TX
1842077084,60.154.101.122,573,ME
1113893667,85.32.188.16,567,CA
1058250696,55.127.83.246,988,PA
1381812457,129.74.225.52,5,VT
1202938171,208.81.78.139,936,CT
1046938641,152.156.137.198,462,NY
1885812046,179.29.56.196,881,CT
1167294573,149.51.236.134,737,NJ
1309718894,175.198.144.79,611,VT
1057647274,96.245.15.142,526,VT
891133280,160.218.74.25,574,FL
1601322788,159.208.122.121,160,PA
1943447523,12.147.10.154,221,CO
966070325,55.219.96.196,215,TX
917155975,15.107.6.239,923,CT
2077018780,114.117.121.169,257,NY
944840328,123.220.35.240,729,CO
1209876943,190.129.60.105,607,VT
1082062406,234.237.48.145,224,NY
1279125267,155.212.241.30,722,PA
707419619,15.212.127.16,882,NY
1401931064,102.132.238.239,932,PA
1390852213,73.139.157.196,691,CA
1429753427,97.248.79.244,584,CA
1678406054,234.29.223.223,114,CT
1395061517,178.145.128.215,911,PA
1233342010,112.161.116.73,570,PA
2061565402,45.95.112.51,344,NJ
1900305078,77.229.193.73,743,TX
996326613,6.162.177.131,128,TX
1933887340,27.152.229.117,80,CO
1111090425,115.243.209.224,845,NJ
1658422664,28.73.19.67,428,TX
651425696,223.4.35.158,702,TX
896521913,183.204.157.29,136,FL
1966857331,149.237.244.201,51,TX
1304331595,109.81.40.182,568,TX
678312574,105.146.189.51,375,CO
673798997,26.55.143.10,905,ME
1730443923,152.150.109.242,142,CT
1580936221,186.55.128.172,856,CO
1169716535,96.6.102.42,248,CT
1908997704,132.55.17.4,734,CA
866565923,23.231.214.28,796,CA
1639049591,53.102.241.153,607,CT
1673052295,161.25.223.89,858,NJ
2071650902,178.95.82.166,730,ME
790584787,17.110.162.219,803,VT
1847066422,178.234.67.110,983,NY
1973419158,10.46.250.119,139,CA
632944829,115.183.228.177,543,ME
1364981680,68.246.31.152,408,TX
1566774743,183.51.218.178,898,CO
956557414,90.246.62.150,724,PA
1499502766,0.167.227.243,790,ME
1037034811,142.185.84.115,507,FL
1554389861,206.251.91.243,292,FL
1581682204,243.29.116.58,95,NJ
1423347165,214.218.201.153,365,VT
1079222587,222.189.52.234,456,NY
1127079017,19.94.13.160,716,PA
1218359659,4.146.202.33,922,CO
2094235272,106.237.242.89,248,PA
1059978549,33.226.154.185,588,CO
997323727,246.40.136.165,213,FL
1199443038,39.52.83.136,649,FL
1113093552,163.246.136.16,108,NY
1714661963,153.108.188.28,424,ME
1260190600,184.130.20.136,415,ME
1019396593,139.157.93.219,963,CO
1176654613,65.227.190.125,865,VT
1530915373,173.59.204.107,579,CO
1994286655,29.32.109.29,798,NJ
1146128087,73.179.154.103,15,ME
1785356529,140.56.225.69,558,TX
1600706469,179.11.250.73,812,CA
1654555166,91.205.47.64,861,NJ
1047819517,115.55.122.45,116,VT
944700561,122.57.19.21,666,CT
2068710879,224.190.176.64,735,CO
1102177196,166.51.74.56,137,ME
1755589101,1.11.237.143,103,NY
1409450835,129.131.22.155,260,TX
1821414301,228.177.160.188,135,ME
1138974335,139.3.30.39,468,VT
1900641022,36.138.172.5,564,CA
1632531766,19.19.1.243,262,CA
1190480236,253.94.69.155,337,ME
1062258046,215.153.197.199,540,NY
1112649271,14.179.139.113,471,NJ
1917223244,18.250.201.78,439,NY
1027005364,120.128.221.116,360,CO
1129430916,99.42.153.159,556,CO
1238346828,9.112.194.251,274,TX
1772454479,68.82.15.57,866,CO
1119324839,51.86.166.202,205,PA
2094710810,19.171.234.138,251,CA
1056105909,168.188.187.81,83,PA
1387750288,41.156.94.160,454,PA
673809144,91.4.4.220,660,NJ
1174865112,168.192.70.180,808,FL
1357658511,55.201.238.212,35,VT
1687169573,29.47.183.77,43,NY
1974941146,136.64.155.129,339,CA
1292808136,222.154.87.245,700,ME
1654726145,84.10.73.87,411,PA
1487989772,187.174.143.240,281,CA
1282676699,29.23.192.197,452,CA
1541632108,34.209.15.244,347,CT
1804572725,162.135.228.152,360,NJ
702808483,26.245.81.216,222,CA
723035922,52.60.173.123,196,PA
1004079100,151.158.123.185,199,FL
1687361318,193.120.198.123,582,CO
1516029277,21.54.248.234,262,ME
941133719,108.39.106.53,470,NJ
1455341427,138.53.7.26,612,CO
1083014507,204.187.101.116,590,VT
1298020659,196.110.37.194,761,CA
1342439288,198.187.58.106,396,TX
1582296266,95.216.136.202,375,NY
1807700564,94.231.147.15,218,VT
1823963210,62.226.53.23,957,CO
1236994656,217.246.56.185,448,FL
1999197326,204.5.138.103,803,PA
1006250585,126.150.52.201,727,ME
1969082563,64.239.147.94,591,CO
1003672002,98.127.147.232,420,NJ
1704657381,226.73.222.170,179,TX
1148114274,170.218.214.149,561,CT
2062961570,26.218.120.194,118,CO
849375477,53.6.108.165,92,ME
1485505982,54.252.63.69,537,CA
704795382,44.39.117.218,850,FL
1321887543,59.55.20.138,869,CT
793826547,137.54.230.126,103,CT
1435459352,149.8.110.236,376,PA
1937122240,223.116.173.231,82,NJ
986682167,234.182.30.21,258,ME
880646399,126.215.26.26,50,NY
1489745244,120.134.54.227,212,VT
2011147382,9.134.105.143,808,TX
1853621188,103.217.141.35,972,PA
1394328152,156.252.104.67,997,FL
666694064,96.139.27.214,911,CO
650612971,245.7.70.101,921,NJ
753539041,105.141.222.213,426,CT
1892339300,181.210.105.97,723,VT
1670586472,37.126.78.8,315,FL
1555572101,224.56.60.36,673,CO
1126909462,191.58.225.159,460,VT
707452499,5.90.94.150,702,TX
1915224921,100.31.138.50,776,NY
1812844935,223.107.63.134,332,PA
1775103021,158.23.71.7,708,CO
717937920,201.202.54.167,898,ME
1066174656,60.51.109.244,366,CA
1136029099,232.14.7.59,493,FL
2053277154,246.102.39.247,455,VT
1214809327,96.25.150.18,499,CO
690979142,100.155.110.248,852,FL
1199046982,210.151.139.191,88,TX
1367433813,60.230.9.63,112,FL
1589921578,149.163.41.165,592,NY
910947486,98.208.227.144,77,TX
1982707705,52.140.225.145,58,NJ
707787552,240.250.122.129,216,ME
701372927,234.215.65.195,473,CT
1296133169,32.61.163.104,2,CO
843414580,130.10.123.151,815,NY
849418386,25.165.2.149,941,ME
1546951843,62.10.19.31,272,VT
782584872,175.13.27.189,886,ME
1017863024,116.56.102.18,759,FL
643301642,230.10.152.31,252,CO
1375369275,47.214.238.26,77,CT
1483612758,140.42.133.187,511,VT
1296426682,139.250.125.252,860,FL
1962168603,169.132.225.106,903,ME
1104446882,98.214.247.200,826,CT
2014025098,188.180.183.1,920,FL
1220523927,195.53.151.59,107,TX
2085412765,56.232.140.179,457,FL
1572823188,200.249.61.247,393,PA
1104880991,25.203.39.90,387,NY
1615105383,124.184.69.32,861,NY
2049367829,34.176.207.156,284,CO
1178861058,142.233.206.153,946,TX
1108337062,118.142.86.197,470,PA
640454198,203.29.92.106,764,CO
1154757087,108.13.155.1,153,CA
995935115,13.57.139.205,858,NY
1526666958,43.239.151.101,940,PA
1281191216,65.206.211.114,525,ME
1125086959,87.186.201.146,273,FL
901575980,195.107.56.230,686,CA
2037089233,100.73.72.122,809,TX
1598215481,222.220.39.119,112,CO
1590470558,121.112.158.107,770,PA
1107413666,73.248.49.42,72,TX
861833620,75.177.122.185,771,NJ
1008237921,185.83.10.13,384,VT
1894938379,132.57.59.230,3,PA
1634944489,201.26.187.73,502,TX
1154095131,120.169.149.227,732,NY
1106754110,66.63.185.127,131,CA
2042746936,208.190.17.239,993,NY
956642837,166.159.204.179,838,CT
1166611394,11.101.103.40,731,NJ
1695110324,92.87.150.94,852,NJ
1765785389,192.89.60.216,226,ME
1447839252,186.77.16.107,37,VT
1518816850,0.46.156.29,687,VT
1591432455,236.131.112.117,671,CO
1933155166,230.248.162.36,294,ME
1614368412,24.5.150.80,316,PA
1656414330,139.214.9.129,603,CA
1025339716,30.52.42.237,990,CA
1150366873,215.188.227.249,517,FL
918867036,219.31.156.96,916,CA
1887383422,11.49.101.148,25,PA
1065182670,188.56.96.238,321,VT
1640227505,171.125.169.149,961,CO
1421353069,193.239.92.202,543,CO
1679426502,30.186.227.118,55,VT
1977298905,120.160.125.197,777,ME
1024762632,218.182.156.112,803,CO
909210902,231.129.152.71,547,NY
835841097,69.161.251.107,347,ME
1926022859,109.15.3.178,741,NY
1663398069,58.211.88.246,794,TX
652046477,157.134.85.49,612,PA
1098989975,246.215.167.99,498,FL
2057004168,79.190.113.243,109,NJ
1572615764,102.142.242.158,827,ME
1642424208,189.166.144.140,32,CO
1793134390,62.168.58.45,339,CA
711472022,107.251.78.101,99,NY
1286391441,93.151.202.124,114,ME
1604350433,200.183.134.87,243,PA
1578356329,59.217.254.214,301,CA
1149440428,16.229.125.37,601,TX
1347907054,169.165.230.68,114,CA
1981106226,19.253.42.6,838,TX
1248182006,112.213.218.150,471,NY
738730945,249.139.38.201,594,CT
1024108144,199.77.179.16,327,FL
960626772,223.119.102.86,17,FL
838487890,202.74.146.146,314,NJ
997838935,196.101.90.158,547,NY
1838885707,239.150.252.112,480,CA
1514012811,152.30.81.5,186,TX
1190030794,192.141.251.213,131,VT
1291114988,95.25.141.230,18,CA
1082476594,4.161.211.206,813,CT
1597558923,76.45.200.221,392,CA
1219108332,7.218.210.92,107,NJ
1674291867,169.166.171.123,271,VT
2064830437,24.78.54.105,778,TX
1243471105,207.91.16.245,311,CA
661847356,30.123.111.153,6,ME
1675187878,193.80.127.104,258,CT
1211853072,223.19.87.139,760,VT
665808170,130.222.150.148,528,NY
1050341849,0.101.82.165,792,NJ
1470310466,204.151.104.141,708,FL
2087053827,157.245.23.70,642,CA
861102758,43.22.189.2,849,NJ
1063025255,217.146.146.30,344,VT
1227843842,143.41.233.104,654,PA
1280491738,144.155.90.150,946,CT
1027193685,36.211.155.30,205,ME
1982036585,25.59.122.2,87,TX
1896484687,18.72.12.0,562,CO
1700479053,49.61.141.191,999,TX
733967921,246.109.14.202,590,TX
1364199882,218.135.113.48,436,PA
730217280,138.34.210.127,770,FL
1595793917,214.127.27.90,525,FL
1091713809,55.80.182.145,837,VT
1026259909,197.161.0.3,71,PA
1979795905,254.201.238.18,948,CA
1045841174,200.60.155.222,964,CA
1006223322,201.106.209.11,554,VT
1763659725,178.11.72.89,728,CO
2027639126,17.96.197.29,528,CA
1242283649,123.140.249.124,149,NJ
880685110,70.13.114.153,243,VT
1433736961,236.223.89.201,914,ME
1144295481,125.31.228.243,50,CO
1701479520,68.146.219.103,406,NY
894256184,147.236.138.110,852,PA
1469480378,110.105.92.215,299,TX
1963584674,116.188.187.95,449,VT
1842064092,197.186.81.100,809,CA
910477159,96.225.18.245,201,CO
2022076497,177.156.166.151,175,CT
1196297277,220.239.128.143,604,TX
1063388172,87.163.69.164,31,TX
1645686395,78.21.239.71,357,CO
873580145,70.76.1.104,240,CO
1760362438,69.165.225.117,870,PA
2017433935,22.74.228.93,19,NY
1055898474,105.189.103.224,534,FL
1043839654,45.241.119.215,331,VT
1877802910,130.221.95.139,140,NY
1858098879,107.39.48.81,995,CO
1254558262,9.191.247.10,297,NJ
1939772210,111.197.41.134,344,FL
1609470713,221.179.250.179,579,FL
1575900574,107.20.237.77,261,ME
696491322,53.68.66.9,11,ME
1247647148,160.224.252.42,16,CA
947045755,7.226.126.87,741,ME
1064715381,86.83.177.40,751,FL
1437561587,116.36.235.204,760,NY
1983870541,190.177.115.84,655,TX
1840111224,50.108.64.54,787,NY
1286036940,165.144.113.192,175,NY
637398480,38.223.141.155,815,ME
1963291678,147.196.238.18,457,NJ
923659045,229.162.201.145,20,NY
1535966699,190.20.74.165,584,CO
1242511408,127.188.83.58,314,NJ
822179831,240.36.226.81,856,PA
650263798,230.49.153.241,801,CO
1765394192,28.46.219.216,409,NY
1705393761,150.46.74.127,658,CO
1344082748,147.10.118.196,974,PA
1170820011,103.202.171.186,266,NY
1396858791,152.213.134.105,274,TX
1271016252,197.2.194.167,32,NJ
1317703414,98.196.63.0,346,ME
718458945,62.175.223.157,136,NY
1005537939,160.122.218.248,606,ME
2001474442,126.110.35.212,339,CA
731535587,183.192.253.253,708,CT
1140017051,85.226.71.107,314,NY
987479641,228.59.61.149,883,VT
1816479912,232.200.55.170,632,TX
2082592941,218.65.0.38,138,NY
1585728768,96.12.92.64,103,ME
832540632,195.105.40.26,327,FL
1692766867,246.50.28.155,757,CA
1094454021,54.93.116.159,957,NY
1312800675,87.129.77.118,303,PA
1229257011,32.182.177.226,735,PA
651208855,201.220.218.140,222,PA
1960695487,54.13.237.164,799,VT
1267494873,56.218.85.87,274,VT
1272723750,178.191.60.250,199,CT
1127502348,121.3.249.12,335,CA
1439944207,40.50.182.220,842,CO
1050221690,75.211.113.82,855,TX
1107313736,172.150.4.232,183,ME
2049018319,27.33.163.139,110,CA
983746365,112.68.105.188,953,VT
2102601951,45.170.175.164,140,NJ
1280653078,96.9.174.79,743,TX
1463413236,130.211.55.44,712,VT
1483665368,176.230.121.178,241,NY
1295105978,139.108.121.121,952,VT
1436072680,0.218.56.246,904,CO
1713686031,187.96.217.219,355,NJ
1039580806,173.7.90.224,951,CT
1886493797,205.125.229.141,945,CT
1029151057,12.145.81.243,476,PA
1695467442,72.5.2.130,732,TX
765151524,152.122.172.58,709,ME
1645822818,218.17.162.108,399,CO
1860369577,67.190.50.168,567,PA
1550771548,73.210.194.126,688,PA
1419869513,37.15.227.226,667,CT
958297513,48.76.120.2,149,NY
986807006,243.78.208.96,825,CA
645702181,23.132.74.160,878,NJ
2015214387,112.69.159.211,264,NJ
918146394,45.110.129.100,610,NY
2016340813,245.47.19.185,438,CO
1771498702,154.163.57.50,363,CA
777969761,245.185.189.150,904,ME
1898976948,243.227.167.246,474,PA
677901847,168.20.27.40,920,CT
1413023690,160.237.38.154,657,VT
2108473549,122.194.158.211,830,FL
1685982301,105.188.46.203,608,PA
1598039871,175.183.216.66,58,NY
1812490583,199.134.136.168,747,NY
1065309356,176.135.251.231,678,PA
1238079485,14.251.68.202,490,NY
1219724727,66.126.186.97,154,TX
2035518633,74.43.182.194,25,VT
918677987,0.157.123.91,694,TX
1659955776,56.197.204.136,979,VT
1736136154,223.64.122.253,752,VT
777864960,126.79.168.203,127,CT
710812987,200.48.72.240,425,VT
1761618835,221.135.53.110,530,ME
1339920947,215.34.199.176,167,ME
1824299922,165.185.69.46,823,TX
1513285906,222.146.86.105,544,NY
1881500572,22.88.108.230,972,TX
1958570488,227.102.58.58,12,NY
980792622,212.95.164.187,380,NJ
679137339,145.96.162.43,510,NY
1621123525,128.136.84.56,313,NJ
1950269457,54.239.236.187,648,CO
1585566069,164.221.14.190,272,NY
1455241689,117.137.40.207,648,VT
650574955,38.104.179.79,885,PA
1198689866,190.61.97.163,413,CT
1897045828,247.160.43.152,991,TX
647329211,144.150.160.10,439,CT
1527864307,33.138.246.150,86,NY
974013309,140.147.231.111,747,FL
821412449,254.179.224.70,457,NY
991051915,17.225.147.118,942,NY
1018681904,88.49.111.132,930,FL
1255447475,131.171.56.42,319,NY
1954305775,144.85.248.240,827,VT
968080508,176.242.110.150,475,VT
1912858928,135.213.152.77,972,VT
1447291379,58.145.124.248,61,CT
1835706910,25.90.245.19,283,NJ
1398634420,68.137.134.215,226,CA
1011872872,66.68.183.245,230,TX
1995615866,55.116.153.230,158,PA
1648731331,188.189.182.10,112,PA
1595103584,7.44.240.60,48,NY
908010657,107.33.103.225,819,CA
1039740194,46.246.89.200,220,CA
1518398535,41.102.156.243,876,NY
1351549590,44.53.95.214,968,NJ
2109659601,123.231.209.168,924,VT
1636593935,249.35.116.194,432,CA
1613842500,235.32.14.146,964,CA
1782136057,100.223.25.49,30,NY
964798892,57.100.125.38,939,CT
1156410236,64.134.202.39,354,ME
1393803622,216.105.21.11,135,CA
1416429296,240.136.248.183,148,VT
1285314740,103.12.101.3,36,PA
1247617597,228.11.219.79,909,TX
1875143755,224.109.134.44,301,NJ
1603089329,210.238.195.185,291,CO
639192137,188.44.76.84,639,NY
640638324,100.16.222.106,936,FL
1273323167,150.136.222.48,182,FL
2081013981,86.136.253.31,279,FL
1618150716,189.7.194.100,271,CO
1751543773,246.75.243.96,867,VT
663057188,124.122.155.57,268,CO
1114262252,73.62.56.215,967,TX
1044614356,231.89.118.138,428,FL
2068165728,22.188.138.122,269,CT
1751794539,193.191.180.237,575,CA
1529410216,142.147.98.90,791,CT
1447391798,92.63.232.236,741,PA
1065019846,197.240.10.219,209,CA
816496853,145.47.217.122,734,PA
1108634771,191.175.97.33,301,CT
1935240109,12.128.129.225,840,NY
1104621652,146.13.217.225,920,CA
1937508037,180.210.0.105,637,ME
1425470481,44.202.140.149,597,VT
1805689283,48.146.110.184,343,ME
1371869375,37.226.32.62,254,PA
1247013326,197.203.250.79,533,ME
1712387470,186.88.194.170,381,FL
953710387,57.233.27.78,610,PA
1247407446,36.92.196.47,7,NJ
1031549626,251.243.204.126,142,PA
1599930941,126.215.120.81,336,FL
1715268047,198.67.60.161,213,ME
1444877001,77.4.52.206,940,ME
2083988316,239.6.75.47,88,CO
1156992445,128.157.170.221,683,TX
1045530019,45.214.49.9,610,CA
853055649,19.158.210.227,117,CT
963625190,113.180.115.117,681,PA
751333917,203.191.247.113,856,NJ
730418704,180.180.24.144,334,FL
1935254348,110.142.30.248,71,VT
1627802641,78.73.56.163,755,CA
789203195,166.189.103.132,369,TX
1460873103,228.165.72.7,260,CO
1250154992,160.94.85.19,110,FL
1158865951,42.10.112.235,576,CO
1217439474,146.229.252.158,129,CA
1196021203,145.236.76.137,798,VT
1989275737,141.167.159.62,736,TX
1415402897,130.29.254.159,819,ME
1000769840,45.67.130.58,217,NJ
1227293834,178.56.2.88,516,CT
971972589,58.250.5.216,864,NY
1694670426,221.104.145.150,605,ME
932974955,121.74.151.219,60,CT
1376170791,196.63.96.193,728,FL
1851916249,246.107.0.34,823,NY
652874331,141.55.241.55,572,NJ
1172297297,204.219.164.249,592,ME
1538266204,63.179.160.77,359,CA
1502679008,192.224.205.27,611,ME
1741607534,95.120.55.5,936,FL
832410437,155.27.13.57,947,NJ
1807472650,215.239.31.81,628,CT
1501177572,233.135.98.205,350,ME
889423163,217.71.228.13,294,NJ
1466552567,161.85.31.5,697,VT
1968497759,50.24.126.82,33,VT
657170404,223.132.49.139,363,FL
1194110527,212.99.119.150,313,ME
719664307,118.211.116.40,50,PA
1378916963,52.226.139.52,280,ME
1956739848,109.194.26.61,695,CA
854285300,216.159.77.13,700,VT
2080557564,212.199.177.117,560,VT
743395424,187.59.199.123,730,VT
1247459227,23.193.24.4,139,VT
1458275318,212.114.254.142,167,CO
1215235480,208.101.191.126,502,CA
1367418310,89.164.163.8,965,CA
1073604490,100.110.18.216,594,ME
738261011,208.53.254.34,175,NY
2113362995,79.234.43.79,271,ME
1654748109,184.46.184.44,509,PA
735688276,76.104.62.42,137,ME
1739710761,84.135.149.16,232,FL
1355570835,54.48.252.151,40,CO
1964346124,35.15.127.15,976,TX
2014292981,96.77.210.140,597,NY
645134206,149.0.110.183,513,NJ
1499137104,154.53.167.71,690,PA
647797215,15.46.147.189,845,CA
1829910200,165.223.24.196,69,CO
932145732,20.67.213.59,782,PA
1761919061,196.170.76.185,245,TX
990852373,172.252.138.14,734,VT
1910689331,190.72.79.86,875,CA
840257322,138.161.131.34,436,TX
793419797,144.113.132.49,59,NY
1971697388,77.235.137.72,572,FL
1050666480,142.77.98.197,630,ME
1344286262,141.118.133.166,278,VT
1549688004,3.63.240.20,924,FL
2001380184,199.115.179.133,413,CT
1742808426,52.150.62.22,982,FL
1358113316,126.121.212.32,358,NJ
1113882130,18.123.242.75,857,CT
1159683277,111.124.121.96,195,VT
1641392979,247.176.169.36,652,ME
1502308064,137.176.10.173,442,TX
1087428031,226.217.213.94,758,VT
2000880361,69.251.153.121,145,CA
895880137,217.22.7.194,527,CO
965171387,145.188.253.118,859,VT
1597877082,157.155.186.210,73,NJ
1576224339,229.142.7.70,157,PA
973242758,53.229.70.190,200,VT
640731883,108.5.225.130,54,ME
847786150,184.7.233.8,213,VT
1469030698,229.237.224.27,794,NJ
1143703657,197.184.182.142,621,ME
1872175349,40.14.131.217,915,TX
1212207399,204.191.103.174,641,CA
2025738476,186.157.2.64,912,NJ
1845663250,212.53.80.197,471,VT
918589506,75.200.9.84,997,TX
1898290472,114.12.17.216,625,VT
2077346211,196.51.246.157,631,CO
805863242,104.61.46.175,428,ME
1855189398,140.229.65.196,983,ME
1459611956,32.34.32.234,599,VT
754703242,212.60.206.71,853,CA
1101991702,115.60.200.75,732,NY
1104712607,90.250.149.112,538,CO
1716221772,123.8.186.32,488,ME
1065013007,253.129.143.80,347,FL
1766877788,159.229.8.1,881,NJ
880238490,186.210.201.222,459,CT
1125076877,31.201.254.19,22,VT
1647687376,71.220.232.252,963,FL
972164578,116.53.135.100,748,VT
996172471,216.116.22.2,36,NY
1288925164,237.144.6.232,620,TX
1574360961,8.54.141.38,115,NJ
826826129,121.197.202.16,957,TX
1573320800,249.162.80.72,643,NY
685557168,51.201.204.170,742,CO
1158100495,200.157.53.70,850,CO
958632888,209.31.120.139,545,NY
1908055850,136.86.46.210,651,CA
852843197,190.97.31.211,925,TX
1691125223,135.222.97.194,418,FL
956176995,90.50.196.33,551,CA
1077053188,82.73.91.194,920,PA
1506330533,75.67.151.96,469,NJ
1680134452,142.78.92.53,379,ME
1022387422,93.6.171.93,435,FL
1181246675,216.85.159.152,152,TX
1898488433,78.149.185.134,579,PA
1426755175,188.153.217.225,909,CO
1625770837,175.194.127.98,258,VT
694245939,118.26.18.225,243,CA
1920876823,150.39.121.53,285,PA
1136328902,242.72.6.42,945,TX
742150829,153.59.48.33,673,NJ
2020573027,238.193.71.167,306,CA
2027386868,122.252.147.109,984,ME
1938671320,66.99.202.114,277,PA
2002159376,36.65.74.57,342,FL
955457769,136.177.166.22,962,PA
711621626,38.54.213.208,13,CA
875380802,201.205.53.216,368,FL
1296498723,39.241.45.18,728,ME
1447273383,143.125.225.24,74,PA
1313337505,105.164.175.8,216,FL
1875152247,146.236.40.144,33,CA
1405362847,190.147.116.209,595,VT
938682223,37.19.122.240,144,FL
954775736,18.144.3.99,18,ME
2044446611,146.158.113.253,551,PA
1988935762,96.111.215.85,521,CA
2043485587,14.206.174.2,343,FL
861127800,58.94.102.33,912,FL
896045372,12.2.18.207,222,NY
1482424028,39.135.238.181,67,NY
851227763,5.47.124.139,561,NY
1334530694,198.181.119.200,799,CT
1142873101,214.161.153.143,428,PA
1025707499,111.81.222.121,23,NY
1629202126,87.101.11.192,766,NJ
1477747685,172.250.244.119,24,VT
2082506874,169.29.125.167,142,VT
1119607112,188.71.60.208,449,TX
1332826084,189.24.54.183,646,ME
1330065592,238.213.9.24,951,PA
972435717,176.231.165.214,442,NY
1438827828,48.220.57.170,325,TX
879700492,115.100.252.233,610,ME
2049969842,108.57.138.35,544,NJ
633616779,81.118.109.65,700,VT
1957160841,77.212.37.111,263,NY
1313437367,241.115.111.16,245,FL
838072935,62.77.99.192,422,CA
1530280506,0.188.23.32,497,CO
1289324618,66.103.46.160,746,FL
811543130,156.181.213.221,562,CA
829858460,86.14.227.239,342,NJ
1811841703,43.113.109.120,793,ME
1321570148,111.32.98.96,878,ME
1910446548,182.244.115.20,435,NJ
1565409259,122.41.160.76,472,NY
1629664333,214.216.194.129,789,PA
1102804199,124.176.51.16,10,NY
1854803147,7.130.50.5,550,PA
2036897450,70.35.234.116,610,TX
1002426389,178.77.144.12,932,ME
1254106869,254.239.103.109,467,TX
1721139723,82.218.143.235,107,NY
1978089251,185.244.20.253,180,FL
666705689,86.238.228.208,983,TX
1459477640,45.38.52.152,847,CA
1618239528,228.80.30.220,81,VT
1348925834,70.80.157.55,952,ME
1477682363,119.109.173.89,743,CT
1083215067,222.123.163.213,668,CT
1537801345,121.123.131.232,977,NY
1150443970,20.151.223.22,870,CT
1555993831,69.37.235.251,557,NJ
1735533764,250.225.164.55,916,NJ
1724226854,148.171.219.185,480,CT
1857836097,165.225.223.219,600,FL
1782069646,26.224.98.223,368,NJ
1143096524,8.1.26.34,205,NJ
1799803699,158.12.89.97,325,CO
710242918,225.179.219.239,223,CA
1014048350,99.155.44.16,269,PA
1461047610,219.137.108.29,297,PA
1375173275,7.113.99.212,27,PA
1014354690,183.124.226.29,174,VT
736323494,136.44.235.90,961,NY
1101939688,134.206.84.41,412,CT
1947693426,51.159.7.52,966,NY
1551740875,9.134.167.203,330,NJ
1780163557,254.95.47.220,696,ME
1118153695,159.222.165.86,672,CA
1744341622,253.105.192.207,138,ME
1685563936,246.41.224.18,173,TX
819228602,202.44.220.17,563,ME
1966606251,229.159.17.202,150,CA
1825094987,58.163.227.228,309,FL
1291600703,248.197.128.69,248,CA
1304676546,13.74.91.9,444,PA
2103908004,97.89.19.103,705,ME
1068072136,94.220.104.152,384,FL
1491115397,66.230.239.246,402,NJ
1672766365,45.52.205.146,450,TX
929199790,14.169.60.166,104,ME
823177559,56.111.61.170,934,TX
1086085210,129.50.199.108,177,FL
1968947054,139.37.68.70,662,PA
1047955680,102.150.109.177,485,VT
1692373287,250.44.59.19,19,ME
1461528289,106.163.31.198,381,ME
672843167,39.145.14.0,216,TX
1442161306,160.18.136.203,823,PA
662969900,123.164.155.232,529,CT
1246491833,97.220.120.148,833,FL
1482765604,128.37.4.222,107,ME
1125654784,154.167.121.94,282,NJ
1814404486,245.248.107.25,534,CT
1866959224,91.62.26.221,71,NJ
2085259439,51.204.187.127,356,NY
1972112484,28.31.142.196,168,ME
1599999109,192.204.231.45,651,NY
1048288898,251.37.103.123,602,CA
1461369946,178.170.215.119,448,FL
1659350634,155.45.76.31,555,CO
1996948031,30.87.69.63,686,NY
1226500141,6.164.185.108,546,CA
2085405434,102.7.230.139,750,CT
1041598097,193.58.94.98,706,NJ
989648855,49.168.2.213,7,FL
1529866009,36.157.44.237,815,CO
1779090087,49.13.69.12,761,ME
950976021,81.14.71.209,145,VT
712285761,194.227.70.64,715,ME
1153330106,164.230.112.107,385,VT
1047969839,197.176.1.92,820,NJ
1811170718,33.179.246.164,80,PA
1925742075,153.61.254.180,644,CA
1228926435,221.81.175.8,631,FL
1988000570,194.14.182.29,134,CO
1187304450,9.219.227.198,508,NJ
1751809558,197.38.208.118,103,CA
2021869764,4.245.202.174,858,CT
1127061558,43.92.138.142,688,NY
2022741387,87.254.10.51,192,TX
1804787591,134.123.73.123,203,TX
2109601808,49.192.1.192,682,NJ
675014098,73.232.106.201,156,NY
1557251849,145.200.214.54,911,TX
1951166962,225.81.81.77,858,CO
1820084399,169.75.152.113,865,FL
1223603179,155.185.167.12,693,NY
1602044518,68.115.160.243,742,CT
1153032653,86.48.33.72,171,CO
1326147929,44.49.135.227,664,VT
1737302007,95.33.76.112,480,CA
1605689055,109.78.123.0,996,TX
1180594976,239.35.44.142,231,CT
1399718730,68.143.247.109,967,FL
1867150671,159.146.148.67,562,NJ
1469446205,18.116.185.102,789,FL
751267110,146.32.7.253,919,ME
951888718,50.53.69.31,815,CT
1611901132,181.74.249.135,55,FL
1427977166,219.195.144.142,538,CA
1696853551,9.112.84.208,219,VT
1126887334,213.188.219.167,350,NJ
761531390,199.239.47.196,847,ME
1822080371,96.151.225.4,771,VT
2105628534,118.198.78.86,874,CO
737475815,162.183.15.68,636,PA
1382219006,146.170.24.160,78,ME
1332202862,26.215.187.100,178,TX
687342511,195.95.252.177,327,NJ
1791464096,184.175.230.97,163,TX
1117796198,14.69.33.11,484,NY
1341218381,195.173.145.136,148,CT
808802333,124.181.209.246,259,PA
983618839,86.108.50.8,955,VT
882913098,4.126.229.206,854,VT
819965247,107.119.152.25,348,FL
1312352115,207.180.203.39,618,FL
1028875772,164.81.123.138,131,NY
857082663,169.93.77.97,19,NY
1060116393,156.142.123.11,719,CO
1857893160,217.114.117.12,367,CT
1464798032,92.84.204.185,513,ME
1764026291,112.234.143.108,295,NY
774731422,117.152.176.231,869,PA
1755650330,136.99.231.236,969,ME
1452098341,190.47.130.111,917,NJ
1215348611,121.191.186.194,650,VT
1038650443,226.174.134.71,418,NJ
907790689,250.139.107.207,664,CT
848339176,248.183.190.88,321,VT
772433595,221.75.76.58,146,NY
643870141,24.88.168.143,590,TX
913286979,152.245.70.121,299,TX
1227673951,80.61.152.35,633,NY
1036095129,8.115.108.199,900,FL
1733327395,173.227.226.150,740,FL
1723194372,197.47.66.46,852,TX
666949395,63.181.219.150,672,NY
1724963177,16.162.41.122,10,TX
886558203,216.69.210.68,252,TX
1380256140,57.199.117.124,210,PA
1460858765,153.52.62.254,707,NJ
990315388,43.16.113.9,995,ME
1466215004,188.69.143.6,208,FL
1034119979,80.233.82.96,11,CO
1746076347,170.217.148.197,31,PA
1618441414,165.212.163.130,513,NJ
758829513,238.54.0.117,322,CA
713616196,237.179.217.31,489,NY
1898247885,250.137.85.118,46,NJ
2071934544,124.39.184.110,472,PA
1868037320,25.102.94.81,908,VT
638235070,161.36.21.192,408,FL
829551196,179.208.61.13,472,FL
796332358,176.48.240.125,757,TX
1008614511,125.187.173.24,349,PA
1887312892,174.127.177.17,259,NJ
846521514,59.190.181.231,166,ME
1602500549,71.100.239.247,562,CA
722683826,206.125.91.19,297,CO
1711604899,35.133.17.190,7,FL
1946101672,138.113.176.18,116,CA
1054555617,166.45.73.199,650,FL
1171746769,93.25.127.97,737,CT
1626630677,156.73.94.50,908,TX
897968875,47.167.160.30,710,NJ
1454480821,103.107.28.77,758,TX
943414879,160.89.209.171,401,CO
1345276964,71.101.44.135,375,VT
1465251210,83.72.92.53,122,PA
1269607302,196.102.20.251,136,NY
1408920742,137.87.80.211,81,VT
1766414769,114.234.58.229,219,PA
1931063770,200.205.141.196,959,PA
985061901,134.212.45.217,322,ME
1936362923,7.50.220.184,793,ME
1200508987,133.214.117.204,559,TX
1721389822,34.2.251.78,381,CT
2026011236,55.102.35.116,671,NY
1275377582,170.119.206.40,454,CA
1356082322,201.63.66.156,522,CO
1032611330,193.241.75.223,514,CA
1702409914,181.3.55.205,233,NJ
1550489637,96.179.232.24,576,PA
1618238284,181.101.115.199,592,CA
1703217082,144.27.177.209,764,CT
1363795721,152.79.247.130,320,ME
1100959322,213.155.80.149,915,ME
1268936686,180.182.154.79,149,CA
2113110892,12.158.17.155,640,PA
1078183091,111.130.98.212,987,NJ
1389249143,100.212.198.137,727,CT
1051064433,199.85.190.196,521,NJ
1355946098,139.76.23.204,244,FL
1377280493,222.141.0.73,404,CT
787249664,238.134.128.38,993,CT
643468701,177.188.61.203,787,FL
1169653084,254.216.107.86,143,FL
1158540069,142.206.6.31,644,CO
1893245052,230.148.121.204,829,PA
794661573,254.7.103.47,459,ME
2083066946,203.126.12.63,742,NY
1182620675,69.191.127.58,279,CT
661867725,134.101.151.162,290,PA
1105090457,236.197.242.97,700,FL
1491366501,133.219.151.234,306,NJ
804583491,236.130.177.4,296,CO
1048821805,36.92.204.172,912,PA
1292035532,198.253.144.36,72,CO
2016059784,151.147.149.22,707,FL
1834209641,154.30.217.57,997,FL
917431919,219.101.172.25,383,FL
1050104341,0.50.53.246,521,PA
911379160,34.17.120.94,574,FL
690557413,14.123.250.93,672,NJ
2022758872,83.40.238.6,38,FL
909271597,118.88.224.87,219,VT
1485620351,203.131.5.51,201,PA
2020846361,244.233.254.110,909,TX
1295190537,239.117.60.61,160,TX
1584151483,117.140.152.241,872,CT
782623777,124.191.103.3,735,CO
649577199,221.30.7.134,8,CO
744714129,57.232.5.150,588,PA
1777458724,210.116.136.19,664,CO
787372974,17.45.147.90,56,CO
956909990,128.178.6.77,651,NJ
1459406244,53.161.200.49,13,NJ
647211870,160.169.59.245,873,CT
1831984805,173.158.112.111,641,CO
714943340,11.90.138.123,851,ME
937098972,124.145.77.123,349,ME
1367746660,216.188.161.208,85,NJ
1575055389,22.157.88.175,786,VT
2067764019,26.114.227.87,813,CA
1741512922,197.10.82.99,183,TX
823086084,94.1.239.217,74,CT
1398944544,180.180.111.5,609,CO
2064969086,92.5.108.218,157,CA
665437015,109.197.97.163,735,CO
1344561597,202.40.227.170,9,CT
1743475267,29.72.135.24,728,ME
2042235143,177.10.170.102,44,CO
1082668834,80.3.253.218,330,CA
1440581885,81.44.42.192,87,VT
2023883763,211.26.44.181,845,NY
2001080270,127.154.67.154,456,VT
2095806434,88.103.123.170,105,PA
1774308556,172.28.101.161,668,TX
1680767150,238.32.248.74,255,NJ
781821269,141.64.168.70,714,NY
1757448872,63.198.140.122,231,VT
1017820224,122.185.20.31,896,CO
1952339664,21.249.106.155,651,ME
1059633979,20.169.117.87,309,CO
1523573905,68.48.92.138,46,NJ
1700730504,42.178.77.4,228,PA
1166647479,21.0.37.213,88,NJ
1587492678,16.153.131.126,810,CT
1550140531,240.166.229.74,767,TX
728107920,207.47.239.172,805,VT
1332897808,40.70.252.69,400,CO
855992810,176.159.192.205,615,NY
2093471154,226.126.17.65,527,TX
1989740329,16.189.35.90,308,TX
1535844943,191.67.18.21,323,CA
2024232775,204.182.249.219,783,ME
648238196,53.192.78.155,485,CA
876315427,86.105.103.105,678,ME
1282780341,48.122.54.250,451,CT
1808247766,8.86.39.224,468,VT
1627022273,56.75.227.93,958,VT
1501926896,66.156.29.233,785,ME
1228529795,34.153.227.18,63,VT
2024429595,179.246.228.216,175,NJ
1329012668,131.76.38.99,854,VT
2031406807,3.133.89.185,959,TX
1019093996,240.232.88.115,349,ME
1975196238,246.98.74.252,503,CO
1667054337,200.93.12.137,372,ME
1075995414,157.121.198.152,403,CO
1214685204,121.85.21.205,57,CO
1231602029,67.78.69.211,360,FL
652961383,112.26.187.217,565,CA
649019552,221.108.205.164,503,NJ
2102595986,229.192.83.26,192,TX
677074270,120.93.112.92,333,ME
673891072,53.20.121.2,702,NY
704016806,51.39.144.226,829,CO
1792911359,230.114.48.166,825,VT
646704222,139.87.180.50,526,NJ
1938814847,141.163.122.35,761,CT
1174812964,172.248.91.236,915,NJ
1587930431,33.142.22.235,763,PA
1752502954,218.178.53.54,271,CA
1768549866,99.22.66.126,650,PA
1674661014,74.250.140.25,15,TX
1286095610,229.125.45.63,720,TX
840940678,247.205.109.69,179,TX
701873908,76.65.30.27,947,PA
1741431536,138.47.239.101,154,ME
2014918698,218.130.194.185,850,ME
1318675629,76.121.54.59,550,TX
1961090228,157.29.18.72,893,CO
1662160777,169.17.164.61,828,NY
790106101,0.55.253.166,343,FL
1134911562,67.56.147.28,173,FL
1139065916,59.214.189.123,285,VT
1600583142,214.32.214.225,762,VT
1740992898,179.72.71.82,65,ME
1725770979,192.147.91.210,361,PA
1421743371,253.116.254.202,581,ME
953035905,197.79.217.192,758,TX
1889914754,169.103.31.23,91,FL
1832298361,102.29.174.194,662,VT
958855424,156.27.152.126,986,TX
2082467809,62.167.98.250,962,TX
770713822,109.36.240.216,514,NJ
963172925,81.246.137.37,451,NJ
1636840755,18.141.148.16,465,NY
1238375267,180.82.203.233,987,TX
1233413288,28.140.123.242,964,CA
1328925401,92.192.72.77,363,PA
1798465438,160.19.30.238,449,CT
813667949,134.19.1.8,646,NJ
1305860422,155.78.206.195,32,ME
2095027537,55.146.76.35,593,CO
798593345,129.99.226.44,890,FL
1589526658,45.87.68.7,789,NJ
2000118368,195.163.249.10,143,VT
1206686876,185.225.29.73,45,PA
1304097751,180.175.132.66,239,CO
1068646234,133.252.109.143,479,CO
645309292,79.12.21.225,61,FL
890533670,9.188.95.202,727,CA
1860851396,99.201.135.58,518,NY
1732928946,210.173.79.199,695,CA
1530404878,32.73.185.62,972,ME
898787693,76.99.48.199,128,PA
795129965,133.74.216.131,634,NJ
1522180077,77.241.127.228,912,ME
1085902162,103.90.148.43,892,NY
1494011010,60.245.216.196,199,NJ
839088316,44.19.19.165,187,NJ
1956056284,111.193.215.147,815,CO
1930325588,201.70.124.159,45,NY
767715039,80.142.110.159,78,CA
1299225794,234.70.51.202,879,VT
1133996698,38.96.237.158,803,NJ
1143652849,116.171.129.125,794,CT
2054861869,144.188.203.68,54,ME
1602668348,42.216.44.197,464,ME
1689032414,156.150.97.240,436,NJ
733291497,129.79.79.242,262,CT
820473550,116.97.240.227,382,PA
785206284,151.225.152.45,973,CA
854606750,195.169.19.222,242,VT
692092031,152.91.42.240,629,CT
1030024748,35.152.70.146,20,NJ
878385600,97.5.145.25,672,CT
1364151631,108.190.222.251,355,PA
1144161450,102.129.150.180,691,CA
1812151242,208.161.67.206,112,CT
1786258295,157.133.241.243,539,ME
952557747,170.94.198.81,340,TX
1102409558,56.237.238.223,216,VT
1170436711,158.137.36.63,372,VT
1374235259,15.169.107.231,310,PA
1217821634,54.208.111.188,296,ME
984508533,154.117.130.17,839,CO
744947353,66.37.131.232,803,CA
1872573692,206.201.230.101,466,VT
942729321,79.30.110.145,105,NY
1297992027,4.222.31.41,179,CA
1802619195,163.78.181.116,615,CA
2074493713,245.46.189.231,386,CA
1188688296,174.200.216.235,407,NY
986714659,89.69.241.104,457,CO
640292964,148.227.125.172,386,CT
1627777441,96.200.145.135,192,TX
1731974855,237.153.104.65,136,CT
760878527,23.199.86.167,802,CO
1596743628,101.188.112.130,743,CO
1715237548,243.43.98.254,128,NY
1738227210,202.37.148.66,414,NY
1775435898,198.129.19.217,639,FL
1007527226,49.29.108.197,361,NJ
959306257,234.186.236.222,768,TX
1936423066,223.157.68.212,683,NJ
655723076,114.60.232.87,883,CA
790602215,94.76.148.39,394,CT
1339192793,33.196.20.141,169,FL
1773533118,195.0.35.173,646,CO
1540629565,143.201.232.57,759,FL
1492177264,91.183.62.178,641,NY
987705303,184.17.177.208,221,NY
1300585245,108.252.83.71,620,NJ
1503131709,166.75.166.221,656,ME
1156995249,208.22.123.56,120,FL
1783858992,194.34.175.115,168,VT
1395006273,186.227.33.175,927,CO
726152801,54.111.114.10,924,TX
1599146961,14.215.32.148,478,CA
653581318,16.152.83.128,530,NJ
1552876653,192.169.50.203,302,TX
1948705678,146.212.155.139,781,VT
1430277323,217.170.227.67,515,CO
1679425864,98.166.190.120,588,CA
1883844516,57.110.78.163,430,CA
1292651020,179.191.156.42,534,TX
1450727193,180.190.182.199,627,VT
966359852,2.100.188.9,451,TX
1145564652,198.207.9.71,728,FL
1931506088,122.240.239.5,840,PA
1332319911,186.147.47.175,11,PA
971843726,240.54.37.113,825,CO
1747265363,145.133.74.4,232,CT
1056724528,143.121.107.161,223,VT
1489704044,222.241.80.231,402,VT
957633787,245.182.32.40,140,CO
1590212075,224.118.241.92,708,NJ
884855371,216.4.9.249,824,CA
1825132225,9.216.79.79,603,CA
1656773334,61.156.93.41,185,CA
690306242,207.117.179.47,242,TX
1066761759,215.237.152.94,135,PA
1392755103,48.161.229.130,805,ME
702409468,125.209.55.227,369,CA
1874502420,57.180.244.125,65,CT
991379483,214.49.32.153,343,CA
1729777989,92.28.14.41,123,CT
1666641809,220.187.142.57,490,CT
925609650,144.63.3.216,505,CT
754729530,77.162.140.217,129,NJ
1605933805,113.192.247.80,525,PA
682633607,136.177.61.10,618,TX
821083852,42.92.124.166,553,PA
752269128,212.177.246.235,215,PA
1826807187,131.79.210.194,105,FL
1686127778,75.182.181.199,942,FL
1009319810,157.55.72.181,745,CO
2068769117,4.36.51.127,756,VT
1768054050,214.189.158.107,452,CA
1636645990,152.203.29.215,669,FL
2099280664,6.253.76.249,98,CO
1947752548,178.93.169.236,301,CA
1914189700,142.246.165.172,884,TX
785763433,233.94.109.46,462,TX
1790772958,175.244.217.53,582,CT
1684916467,92.82.236.218,220,CA
1871744695,168.141.182.236,68,CT
1447651263,0.48.39.151,114,FL
1894807306,109.111.87.30,169,TX
1412068662,111.223.237.171,36,VT
2104385405,138.239.27.141,925,CT
919536310,243.150.206.62,595,PA
1984654577,179.85.107.100,252,VT
2003468954,77.164.126.182,424,FL
883293534,88.59.17.242,523,TX
1623454047,130.71.73.156,100,TX
1137423184,245.210.234.224,975,PA
1602339766,37.249.145.62,993,PA
741760250,8.16.225.13,730,CT
1102790394,150.251.109.153,403,FL
1376713930,157.135.190.102,875,NY
1818267278,64.73.200.123,768,FL
1982475831,56.111.102.11,392,FL
756044999,53.179.105.103,585,FL
836198476,10.99.87.194,860,NY
896724290,200.160.36.167,60,CT
1820767001,231.234.188.133,649,ME
1064620708,229.251.82.167,813,PA
1003233661,223.172.214.119,953,CO
2039030552,232.73.66.120,544,PA
1775628671,168.143.176.76,538,CA
1704206648,134.10.84.66,500,ME
2080277319,195.140.103.200,266,FL
1677281404,228.106.215.24,104,VT
2102813007,166.1.150.197,205,NJ
1881477044,34.221.1.180,591,NJ
1379813216,50.56.26.27,231,TX
823708259,148.9.149.131,720,FL
1880901225,225.106.173.88,906,FL
2027862599,241.230.6.180,619,CA
1467406370,118.156.97.116,10,CA
773589206,151.191.153.22,840,NY
673240686,100.108.161.211,501,TX
664316881,221.109.145.146,844,PA
2044250595,159.242.185.145,251,FL
1507581673,72.1.202.92,643,PA
1959533267,53.160.86.165,828,CT
1410126407,60.227.233.8,137,CO
752446522,213.208.128.14,650,TX
1522728711,3.116.89.83,979,CT
1232079765,110.87.146.222,734,TX
1584699860,136.217.207.73,311,VT
1358656538,120.114.135.107,302,ME
2009923803,98.238.235.205,953,NY
1780785437,143.126.6.219,447,VT
1762132667,70.13.136.107,967,CA
738939005,234.204.103.163,43,VT
1370291608,111.248.170.16,587,NY
1180798703,9.190.21.86,983,CT
1354130368,65.110.216.177,795,VT
714353989,124.2.119.170,477,VT
1704600605,43.217.161.239,84,FL
2009134423,80.96.119.249,614,CO
982893101,32.12.129.28,533,PA
772979628,178.23.130.13,331,NY
1305269277,72.214.48.8,392,VT
997312892,165.244.18.159,694,FL
1179891924,95.200.231.49,912,CA
821931283,100.225.111.5,184,NY
1357991051,61.72.236.143,371,PA
1124017875,242.177.202.172,990,CA
1073321428,187.78.240.160,542,NJ
1531893668,216.161.141.101,262,VT
1843467200,251.12.237.193,937,FL
1683096862,86.171.252.72,153,PA
1079708291,103.215.112.207,814,TX
948664846,201.148.95.55,236,PA
1292422280,59.187.185.181,634,CA
755356757,198.53.202.27,912,CT
1745828151,219.66.118.205,69,ME
2063204938,254.249.149.180,146,CA
1505556181,85.124.75.106,119,CT
760812807,96.131.12.196,279,TX
642102753,232.183.107.1,119,NY
1178371144,100.88.229.247,793,ME
1431554335,113.223.129.169,536,NY
2082875113,204.57.228.73,412,NY
686571690,49.4.133.39,881,NY
1767601241,118.182.233.162,423,CA
1359223581,95.145.140.37,785,PA
1982899112,175.230.145.119,251,CA
897081276,233.210.136.171,401,NJ
1825939232,122.80.139.213,178,VT
1915392481,88.74.98.57,629,ME
1251065185,244.8.157.212,712,NJ
1201986870,85.194.3.192,880,FL
1136686768,0.109.243.15,690,ME
1370999816,33.145.194.65,1,CT
1532051198,157.164.12.24,372,CO
1181403937,17.50.194.50,683,FL
1018172024,14.45.77.45,223,TX
1743260637,183.246.181.38,609,NY
933453471,231.192.15.36,338,NY
1504762927,45.108.138.152,488,TX
1951850564,150.15.206.217,212,CT
960990820,212.246.146.161,686,ME
777504150,5.58.234.5,718,NJ
779928543,241.15.156.19,211,ME
2077359776,179.66.145.178,320,CT
1230213930,57.4.126.175,961,PA
1178700901,159.152.183.79,515,CA
782197745,208.28.3.80,335,CA
1064398331,196.254.146.215,597,NJ
654284289,131.28.113.35,314,ME
959523284,14.251.91.120,288,NJ
1715856642,94.124.144.29,209,FL
1551279619,34.17.127.116,365,ME
1062528679,49.111.100.224,651,CA
1250176053,226.167.85.58,139,CT
1074601664,211.66.74.180,966,NJ
1895750914,107.178.88.113,602,CT
1307823911,244.71.32.38,784,FL
1301719439,55.8.119.150,177,TX
1379592881,88.183.193.6,205,CA
1724576863,140.197.76.110,322,CA
990420526,228.131.97.125,178,CA
637500337,46.1.76.218,891,FL
2063901060,219.242.41.234,7,FL
1459890692,155.55.78.209,395,VT
1323872640,225.176.87.239,151,FL
1339100170,147.33.210.216,658,NY
1685535138,177.163.242.139,304,TX
1398534964,13.29.171.226,384,NY
1773376886,122.205.71.24,822,VT
1660138291,101.222.229.167,992,VT
1619820317,195.123.48.84,953,VT
1051626387,183.119.175.128,461,ME
1728819068,237.181.136.10,413,PA
856588671,227.2.75.74,754,NY
1696287351,70.92.28.65,58,VT
676843129,66.178.27.76,303,CO
1275955409,15.241.144.216,559,NY
1908057860,242.223.57.154,533,NY
1660488042,73.111.138.70,957,ME
1268106936,16.90.162.68,455,CO
1119106150,167.4.252.147,996,TX
1683943760,167.165.211.80,593,PA
2024855739,157.5.203.68,645,CA
1712106350,186.70.244.72,911,CO
1792287173,173.132.72.129,824,VT
1394082582,101.37.63.51,481,CT
1217960507,233.53.183.174,36,ME
1423770487,68.90.49.0,882,NY
1328233107,204.155.92.247,664,CO
1502825823,152.240.99.232,17,NJ
1976017417,22.99.169.7,743,VT
2012514376,60.196.161.75,274,CT
1782595241,249.68.101.127,381,CA
1410827303,1.115.121.204,297,FL
768776574,39.62.64.118,153,NJ
1655757695,185.104.151.139,472,CT
818305219,236.240.1.135,113,CT
1210017486,27.214.132.67,102,TX
1586032022,77.83.47.2,375,NJ
1764468078,176.130.228.61,59,FL
1865118396,119.142.206.138,229,CO
877923172,55.126.55.194,342,CO
1894158657,35.244.202.218,545,CT
989589917,51.9.198.16,496,CO
1122606311,240.182.138.53,47,NY
814025989,8.17.129.134,870,TX
1155346495,123.32.17.231,955,VT
639563565,130.80.74.48,729,PA
1233548458,164.39.246.93,814,NJ
1315030524,89.195.130.206,238,VT
1664144021,162.235.131.196,498,NJ
1357440199,133.90.132.203,11,NY
2075775293,19.25.188.112,830,ME
1322830105,15.229.250.180,564,CT
1378872294,224.107.116.39,487,FL
1290544919,141.253.145.185,737,PA
1520965737,151.160.239.43,235,TX
1111057306,184.167.165.6,528,FL
1473084157,89.170.89.184,717,CA
1571100078,228.117.107.234,271,TX
963156947,145.247.253.85,649,CO
1012334391,35.231.175.80,385,NY
1995268390,249.51.148.54,214,FL
1266579611,23.199.114.162,302,VT
912012204,107.55.160.72,865,PA
1140350042,15.230.104.22,149,NJ
1995017552,90.62.147.52,63,VT
1843236378,35.49.201.3,229,FL
1705096521,4.232.35.235,666,NJ
876885488,251.252.200.78,337,TX
1867407394,65.232.75.157,362,CO
1636555455,152.104.100.136,516,NY
1381244967,34.12.235.221,232,CO
1959576713,25.67.248.221,468,TX
1789560520,158.110.70.35,181,CO
895203782,78.163.11.240,225,NY
1081323146,20.232.66.177,815,PA
1806680641,197.239.25.126,270,NJ
1573754510,226.139.34.68,269,VT
947036833,7.206.135.131,678,VT
1267926870,10.186.2.176,765,CO
1636281263,4.219.69.41,616,CT
2052342770,110.142.167.233,412,TX
2097963146,48.144.56.221,416,CO
1958148260,167.42.140.80,524,NJ
1871568107,125.223.115.43,596,CO
753531645,202.14.65.11,791,TX
1938162926,150.191.234.78,684,CO
1663292124,117.96.231.154,428,CO
1342570868,230.121.237.90,441,FL
1345529484,251.39.249.13,458,ME
953378424,34.82.101.240,654,CT
1099061823,211.232.249.146,645,VT
2018110146,212.186.209.194,283,ME
1421779234,145.199.30.251,261,CO
940748920,37.148.152.101,171,CO
733620626,246.118.161.12,388,VT
968041016,108.216.13.95,215,TX
1848299932,124.55.210.148,436,NY
1959065789,134.253.143.136,270,VT
902353709,65.241.190.211,387,FL
1457058151,153.104.206.173,59,CT
1579124193,61.245.191.185,679,PA
1786618121,188.166.16.60,280,CA
1146230098,129.156.52.81,512,CO
777414510,125.24.80.74,328,NJ
1079939018,145.139.113.235,399,TX
793888373,86.82.151.122,469,FL
861629219,119.214.107.193,151,NJ
815028606,217.168.25.35,288,PA
635410462,126.43.107.212,582,ME
1825914409,65.207.74.235,343,CT
1409311338,250.95.147.159,448,NJ
635445828,194.128.10.122,367,CA
1840837258,61.199.85.146,168,PA
964025998,5.171.144.51,851,TX
1202778753,193.42.38.13,400,FL
1024201152,157.17.162.74,575,NY
1281430947,86.203.20.77,828,VT
1529999670,163.163.135.226,964,NJ
2089299378,161.99.68.68,544,PA
1977093951,115.153.139.88,204,CA
2084782958,228.58.164.95,157,ME
1154002894,62.7.183.254,638,VT
1435927523,179.19.49.103,81,CO
1421248095,68.131.234.21,470,ME
1169354724,51.61.155.239,617,CT
1983727387,213.119.23.65,87,PA
1521199918,104.205.211.213,835,NJ
1070730856,52.48.29.187,173,CA
1903299670,218.39.136.153,657,NJ
1213727061,76.1.134.73,921,CT
1644496961,122.31.29.118,98,NJ
734623033,23.50.17.69,913,CO
1996228494,211.153.72.156,773,FL
890016903,240.161.40.19,958,TX
749686769,63.173.154.53,97,ME
1172375767,83.237.120.242,630,CO
813939349,194.161.48.157,396,CO
1311119583,4.1.177.150,681,CA
1373517022,184.14.165.91,829,ME
1887358337,96.131.191.71,537,CA
911804107,237.242.34.239,573,CO
981201272,41.244.49.7,73,PA
1923778254,172.127.27.198,344,PA
1388699924,215.53.62.38,670,NJ
2043189514,24.242.53.222,970,NJ
1630410118,160.57.213.244,555,TX
1569435436,56.53.27.176,183,NJ
1618038984,16.133.50.80,750,VT
1515934808,161.38.91.51,678,FL
896476672,13.202.207.47,818,PA
1719380126,85.49.102.65,476,PA
1501554303,60.164.212.86,413,VT
1164709120,49.200.24.117,696,CO
1149489695,16.33.73.84,779,VT
1828895947,7.60.118.252,617,TX
1458891510,184.244.155.101,426,CT
1990043157,49.136.45.67,726,VT
1187967015,79.102.97.214,823,TX
1323317562,102.177.111.9,619,FL
2016933579,147.101.76.174,317,FL
1385559873,112.118.93.115,318,NJ
1934613887,136.52.114.18,513,FL
1628517931,200.111.185.50,683,ME
920765597,36.199.85.228,992,ME
965622497,240.148.214.127,967,CO
835509756,116.17.73.196,913,PA
1157248693,132.71.91.133,957,NY
1987652598,162.73.116.85,362,NY
1886971615,0.73.42.169,797,TX
789864108,236.23.101.155,51,VT
1529560603,66.75.108.224,972,VT
1856488283,166.127.211.221,815,NJ
948174042,226.115.72.131,883,CO
1521720016,144.158.59.82,304,NY
1664116781,161.73.39.77,183,ME
1566731128,122.146.228.183,277,CT
778527720,36.158.23.38,539,ME
1436286631,74.116.123.11,43,CT
1962647877,254.103.19.224,542,PA
764358914,9.45.130.109,706,TX
2114020480,171.70.37.63,952,CO
1025413355,215.121.125.145,315,NY
1448390477,40.237.2.106,459,FL
1508832981,124.246.250.78,62,CA
1670256959,181.31.39.173,301,FL
2014541300,168.217.34.20,322,CO
1880909915,65.159.161.107,288,ME
1379575067,60.195.211.169,624,CA
1251209983,26.120.115.196,435,FL
1203706180,18.136.237.201,655,CA
1717106522,155.34.16.158,914,TX
1156581135,6.5.237.150,503,CT
913059608,227.242.30.174,257,CT
1389171832,9.161.252.105,248,ME
1203486506,193.90.101.130,716,VT
1194305086,193.90.168.234,248,ME
1914360370,149.134.196.151,490,TX
1583582383,175.18.130.122,511,CA
1392740527,3.204.199.114,530,CT
1398936194,131.183.71.74,35,CT
1003709116,237.167.140.58,310,NJ
1800911971,205.48.111.69,775,NY
1892175446,198.86.119.249,710,VT
1262805627,233.119.39.159,415,NY
766454135,120.98.187.38,440,CT
936651568,232.214.207.98,904,CA
937657876,17.198.187.96,30,TX
1579857610,180.53.161.87,519,VT
1284282139,183.154.69.250,589,NJ
1241579337,193.44.197.105,492,ME
895770572,118.177.54.192,275,FL
1187442829,127.233.25.79,538,FL
1881837396,0.95.74.145,692,CA
644943969,131.250.183.71,474,PA
1213899485,212.129.74.48,981,VT
2090860317,57.219.83.56,203,CO
2075986769,88.44.133.186,367,CA
1753981604,78.239.99.216,622,FL
849647858,15.34.203.2,870,PA
1911164043,129.184.125.12,842,CA
1913982024,199.80.10.166,560,FL
1769387257,166.86.202.85,948,NY
2024840218,120.202.89.223,896,NJ
1720283553,251.157.158.219,509,VT
1134026424,104.172.157.254,985,NY
1639011634,254.39.195.110,393,CA
1204273394,44.126.160.142,628,NY
1330300592,220.50.54.2,590,NJ
744869945,37.60.96.49,556,PA
669189565,114.172.226.8,741,VT
940075728,121.250.190.152,119,CA
1120989535,211.4.205.206,453,ME
803925313,61.78.102.42,517,TX
1526705162,165.140.90.214,169,CA
982706670,191.167.19.37,586,NY
1389036761,232.51.232.54,432,CT
1201832437,213.13.191.221,497,TX
1205921820,185.249.148.246,476,CO
1591662426,246.124.151.38,88,VT
2089066800,10.84.133.44,420,TX
1500181571,240.76.207.201,558,TX
1482953447,43.117.2.188,217,CT
1711097407,37.84.252.48,50,CA
1871696032,224.191.85.240,152,NY
870727088,228.208.78.33,801,NY
1271257939,130.103.20.115,628,NY
1575908562,212.49.69.156,643,CA
1517096292,98.116.130.35,787,CA
1865309923,237.207.88.28,886,NJ
649059258,224.126.120.147,474,VT
1229985504,97.145.132.18,662,NY
1453973880,233.96.124.202,60,NJ
678680998,225.199.126.167,837,CT
1016627656,23.251.148.166,728,FL
1588249802,221.238.49.211,188,NJ
1427438132,218.248.4.97,794,FL
1005231234,182.59.222.217,945,ME
1143285091,22.224.252.137,686,FL
1500139257,82.121.12.195,139,FL
1272343037,235.114.147.10,508,CA
1914017261,43.211.160.52,723,NJ
1652005864,139.118.206.159,67,FL
1775757291,71.105.172.203,208,PA
731086703,135.185.248.227,686,NJ
1706485388,83.137.41.29,963,CA
1602368476,245.40.240.99,288,CT
1096682206,143.96.242.144,869,ME
1214085490,208.167.199.184,928,PA
1933640825,111.170.92.179,399,NY
782693709,211.148.108.241,541,CO
1080439901,102.178.209.246,195,FL
1664137352,151.199.149.122,431,ME
1992949614,117.173.32.144,17,NJ
1408731077,70.185.7.35,34,NY
1818085696,53.76.162.38,760,NY
1746133505,3.232.6.197,384,FL
2079036046,156.95.204.44,668,CT
859729451,41.14.31.60,891,CO
1343327806,122.13.248.94,213,NY
1966161551,2.197.183.187,352,ME
1290658027,243.52.133.178,763,ME
1117932500,101.158.154.183,666,ME
1595812360,134.12.234.13,155,NY
2020807542,210.125.226.189,617,CA
1099007552,237.210.191.223,927,ME
647592556,106.159.222.200,733,NY
679884770,95.148.199.58,803,CT
747882739,89.160.213.196,756,NJ
1490990493,136.230.204.253,829,PA
1110749564,131.70.124.56,528,NJ
803616505,42.229.173.61,687,CA
2074603722,101.156.60.16,813,CO
1334981811,139.53.224.62,145,VT
761042933,90.176.103.74,983,VT
1094022860,7.8.242.5,382,NY
2012994895,190.150.128.32,260,CT
1627279287,175.20.0.121,426,VT
1529287914,197.13.177.3,575,CT
1120140401,54.236.124.213,865,VT
1495727629,91.1.93.200,865,VT
739403590,18.68.82.114,869,CT
1119462147,155.170.236.88,864,CA
1363565854,250.209.147.145,624,CO
1108402118,159.249.129.147,493,VT
1526655099,164.16.190.80,34,CT
1081815073,38.75.211.212,543,TX
1091029381,5.95.63.83,612,VT
1598669892,97.176.61.68,199,TX
1066247964,144.94.103.14,761,VT
1158686778,170.44.193.77,663,ME
932966851,11.169.107.195,376,VT
1345840540,75.139.236.225,112,NY
1322704425,35.32.102.99,336,ME
1742758384,170.94.179.153,625,NJ
1710503595,197.22.22.157,871,CT
1572347228,202.225.93.231,305,TX
866520570,193.138.158.124,851,PA
1697858427,56.58.31.69,197,CA
1945212766,41.32.232.135,865,NY
992256541,179.17.42.254,13,FL
668655030,39.78.0.181,944,VT
1864589680,225.203.196.226,72,CA
1701720020,156.40.23.54,106,FL
828798497,16.111.140.68,97,FL
1086949047,193.127.198.165,818,TX
1106522752,204.95.10.178,766,VT
1967465243,220.171.111.163,284,VT
1736248933,231.129.124.227,155,NY
1597405972,193.191.132.127,139,FL
1083752040,59.117.16.25,893,FL
1363220566,181.200.28.171,483,PA
1638696708,163.17.148.155,6,ME
668097436,23.140.124.132,993,FL
1390698846,62.68.210.249,958,PA
907537215,173.174.131.84,922,CT
1039462722,169.43.49.224,92,NJ
1302943105,207.229.51.72,99,CO
1579692076,30.96.251.191,998,NJ
800552826,207.5.5.90,815,FL
1427630293,109.81.154.93,631,PA
666865002,128.206.8.169,359,ME
976704118,88.114.196.28,774,TX
1977204618,215.40.140.11,922,NJ
1793747002,223.135.104.13,833,CA
1114581569,20.189.254.33,108,CA
1772847435,221.156.144.76,297,VT
1974291620,198.123.9.51,945,ME
1397398957,103.238.207.138,72,TX
798292246,227.68.32.41,487,NY
1970186778,151.165.155.109,777,NJ
658821311,166.157.127.45,797,CO
1217276719,203.137.64.148,569,FL
929587215,210.35.206.90,290,CT
1053934734,69.52.148.205,912,FL
2107068753,182.105.119.74,246,ME
1704972695,97.170.185.32,291,FL
1587814130,31.198.209.93,889,CA
1786346504,119.254.162.193,688,ME
1804336766,9.211.74.189,447,NY
1652767931,75.118.71.197,465,FL
1826405943,111.69.231.71,903,NY
1530007898,127.27.213.231,736,CA
1888587524,78.1.106.136,954,NJ
1179447894,43.53.124.175,55,PA
1849191403,13.110.173.55,296,FL
1516691057,226.167.126.133,171,CT
685987147,147.219.11.106,369,FL
1399838027,103.63.218.67,489,TX
832104912,214.37.22.200,544,CO
1441260981,211.172.202.22,492,NJ
2011360902,81.66.192.107,328,VT
1365596356,14.196.103.165,320,VT
736002997,209.220.109.114,842,CA
1374216359,109.215.18.49,30,CO
805345006,79.228.125.54,824,CO
1858655969,234.222.163.46,436,CT
1327201250,22.164.24.142,77,NJ
1957323716,32.63.11.225,458,TX
711796751,250.46.228.48,227,ME
772010063,87.217.218.27,685,VT
911922358,91.139.27.175,541,CT
2102379445,115.105.234.170,672,FL
1010213883,43.249.33.244,820,FL
633429280,40.74.167.171,865,CT
701872182,183.102.17.90,967,NJ
2032634362,69.96.192.187,882,ME
1762804405,118.223.84.131,59,ME
1776917029,73.15.223.252,321,CA
1549415638,2.103.192.218,960,CA
1997843173,251.62.243.32,98,CO
917576703,8.189.20.163,515,NY
1103671847,11.133.54.199,833,CT
654542108,196.219.169.128,585,PA
863666574,0.113.67.190,988,TX
1402752829,0.194.155.10,120,FL
1859666918,114.3.94.121,28,TX
1310463585,217.124.196.55,443,CO
633981736,100.116.192.254,117,FL
1263300894,145.196.194.101,753,CO
1104673047,191.218.174.52,372,NY
1094092809,51.244.150.225,460,FL
1109327142,13.149.244.145,294,CT
795876642,65.140.193.61,738,VT
1103229325,215.96.11.190,418,PA
655014469,126.90.153.90,280,PA
1570456196,91.89.164.157,38,NJ
695723260,33.151.136.155,105,TX
791824166,151.150.141.206,259,FL
1550897601,156.162.227.58,586,ME
1964329860,249.136.160.96,242,NJ
1187978374,235.178.9.12,603,TX
854059479,224.133.156.79,367,VT
2015203230,112.240.188.38,437,NJ
1277597949,41.235.27.64,495,CT
702848163,37.224.6.203,346,VT
1763632173,205.254.187.207,490,CA
1355590793,23.8.222.153,287,NJ
1676236757,21.212.85.140,858,NJ
1584271742,11.92.89.217,708,PA
1202751804,213.159.158.130,636,PA
1811223958,2.189.172.61,315,ME
1824182486,85.62.85.203,427,NY
1222885984,92.13.132.151,124,TX
1441260148,157.86.225.66,323,PA
1701960635,83.59.199.165,298,NJ
1259300667,96.233.241.159,554,VT
715251259,19.213.218.231,156,VT
1452166789,185.28.41.251,399,CA
1987427532,120.198.105.3,440,PA
1996105227,239.215.112.105,826,FL
908915474,254.116.82.52,563,FL
1508124977,216.139.0.191,818,TX
1768478575,5.88.144.233,613,CO
1508236954,119.161.48.98,58,ME
1490728767,82.254.82.75,517,CA
1394700775,112.172.33.100,973,CT
2057019142,87.185.184.42,444,CA
1601390674,88.0.177.81,908,CO
2005359062,68.5.24.45,673,VT
1427110680,175.61.39.150,464,ME
1864850726,204.108.86.252,955,PA
1205315379,16.67.245.16,107,CA
1433341420,132.167.17.107,744,CO
830848261,108.237.230.78,315,VT
1799582129,0.202.141.138,596,TX
701368258,9.60.240.105,663,VT
1481407126,213.224.116.234,255,NY
1552727428,242.178.120.16,637,PA
2023890429,112.14.31.147,712,TX
1696235132,174.251.175.150,611,NJ
2008717782,251.186.79.254,882,TX
1164050462,123.157.44.206,478,PA
878880812,56.131.155.22,55,CT
1341551364,250.245.249.116,757,ME
1325985121,19.243.183.61,501,NY
1691710591,133.229.198.49,605,NJ
1050015975,95.92.178.119,333,VT
2040643322,239.76.200.242,193,NJ
1563313670,244.16.86.105,681,TX
662281465,51.40.186.103,173,NY
2012642633,234.90.100.56,20,ME
1947152672,192.73.49.93,699,TX
1844593495,123.248.210.27,678,VT
1534020500,115.240.4.221,590,NY
1228297258,59.138.186.24,919,CA
770126175,106.112.26.244,674,PA
1921323510,56.122.103.34,157,CO
1657180758,236.10.54.38,705,VT
659350587,25.248.173.129,294,NJ
846727314,57.149.250.86,110,CT
1190804918,70.241.224.209,713,NY
1373297704,17.134.199.15,483,PA
1521124038,186.163.228.14,660,ME
1617258680,1.59.25.222,472,ME
1841415137,241.26.250.205,524,VT
841495835,147.11.130.8,317,NJ
1204741911,106.175.13.188,332,TX
2076402193,116.111.233.106,538,CT
984085217,18.3.91.233,234,VT
1740602315,71.90.141.190,365,VT
2105444727,252.118.26.51,398,FL
1772301362,104.77.130.136,218,CT
1085790132,194.126.138.10,613,CT
1735837065,232.6.128.166,575,ME
1652815296,174.233.78.99,339,NJ
1306937852,254.166.142.61,590,NJ
1465603222,216.24.106.239,766,NY
719426233,207.31.186.167,341,ME
1260287863,133.3.225.21,173,NY
1688096673,18.86.124.60,954,CT
1767548309,205.14.19.69,45,CO
1505933202,229.128.195.9,920,NJ
1625818868,113.51.19.55,794,VT
1508272831,231.73.221.81,184,NY
981572650,52.249.111.215,589,FL
1372403338,39.220.8.24,592,CO
977859254,223.36.183.213,537,VT
905333312,81.105.70.197,630,CO
1699614158,119.244.18.104,960,VT
705959768,128.112.183.156,822,CT
1168433316,84.11.32.220,324,NJ
1860342797,117.73.105.99,526,CO
1580485161,3.162.71.133,912,CO
1229141588,207.181.186.249,331,TX
1811086498,12.216.229.69,732,NJ
1169619569,61.88.112.227,455,ME
1571894349,202.120.176.246,754,PA
710722032,0.33.209.127,690,CO
1283544247,70.225.157.28,465,VT
929970475,14.229.210.77,305,FL
879107734,215.60.55.222,460,NJ
2001611596,176.49.249.32,875,FL
1009961766,44.1.188.82,600,ME
1549722089,178.49.207.109,618,FL
1595901979,153.116.159.165,883,NJ
2108649899,7.13.71.217,694,ME
931877704,187.124.166.191,420,NJ
1301767423,201.144.47.181,758,CA
1659339435,198.111.206.32,876,VT
1850091879,155.92.41.198,337,ME
762722629,49.166.215.140,717,NJ
905015885,60.171.199.208,840,CT
1044836152,7.10.149.121,162,TX
1790486245,192.237.225.96,474,CA
877667683,207.150.96.53,969,NJ
1913920897,71.227.210.239,502,NJ
1405055633,174.128.75.94,81,CA
811119899,109.102.219.119,250,NJ
1287707781,62.223.71.244,987,NJ
818979315,148.225.18.31,177,CA
1035645908,189.211.19.44,400,FL
1318641945,124.46.4.182,860,CA
1784699995,152.45.35.78,588,VT
1273089045,218.42.249.86,927,CA
1059574262,81.57.180.144,706,NJ
1733439628,139.88.233.217,806,CO
1988744598,212.196.111.68,553,CT
1030247733,15.216.160.117,152,PA
1364266989,50.48.21.182,769,NY
1621381302,79.58.222.176,114,FL
1574521608,69.46.246.96,533,CA
1881958807,39.165.43.223,248,FL
1290911441,131.100.21.143,141,CT
953041155,142.216.229.171,108,FL
1624155168,5.1.222.157,267,CT
2111434046,105.98.138.76,804,NJ
719296238,167.11.214.90,842,VT
1015626876,112.209.60.182,907,ME
1783834118,177.108.202.224,407,ME
1674590441,234.241.197.225,707,NJ
998311800,125.138.221.108,829,TX
1640951543,146.8.112.190,707,TX
1252153968,48.65.227.108,203,CO
1438959516,206.100.203.79,871,CA
1152283509,153.26.79.250,324,ME
1521586917,165.119.227.112,604,NJ
1110904161,229.251.168.235,940,CA
1084425659,161.183.97.97,396,FL
987437253,124.251.195.173,165,FL
1579155648,49.174.4.235,42,CT
633688535,181.85.166.56,327,ME
1299797194,208.127.96.65,288,FL
1843936811,190.46.76.141,834,CA
934753182,48.200.16.239,476,VT
1844913650,181.110.203.40,197,CT
1155565345,150.74.189.163,443,TX
1086024463,206.102.246.67,274,FL
669864489,108.25.82.122,94,PA
1763594877,23.167.228.50,9,CO
1902814804,56.42.182.114,156,NY
837688347,71.99.221.188,89,PA
1181830113,222.224.21.97,804,TX
2050056414,78.0.241.150,177,VT
1759081856,117.61.235.28,1,NJ
1505736788,183.79.209.65,646,CO
1828763473,238.129.241.192,449,ME
859047944,46.7.196.120,74,CT
1687775679,169.88.75.42,555,CT
1983750108,214.249.71.59,627,CT
1786300475,142.98.141.223,274,PA
1599715253,238.243.22.62,874,CA
1315619918,90.157.212.223,165,NJ
1861073565,124.76.127.65,688,NY
879946227,101.184.83.57,316,NJ
1662933558,137.105.148.212,898,FL
1832692175,98.226.247.116,271,CA
1974446755,101.6.126.95,435,NY
1184573071,125.188.182.232,463,FL
2083314564,30.153.212.62,710,TX
1924356903,73.230.28.113,453,CT
853325115,17.18.35.217,895,NY
769620619,143.150.180.32,715,PA
956466211,212.29.203.16,422,CO
2013021013,24.63.24.168,404,FL
1273706158,86.177.101.145,617,NJ
786217301,118.189.223.70,580,FL
986749240,213.245.46.222,679,VT
1207658919,223.131.37.169,902,PA
2063517901,186.10.32.138,787,CT
1760423559,242.30.88.106,886,CT
1386597360,107.251.221.240,483,VT
659981267,86.101.57.160,386,CT
1713330582,235.179.215.193,116,VT
693217443,24.226.162.167,349,FL
1267069977,78.86.216.90,532,CT
1343313170,16.212.140.71,10,VT
674124751,132.45.108.192,388,TX
2113537585,173.106.160.253,613,FL
1034896870,46.228.133.124,248,ME
1790325482,68.217.178.129,804,VT
1871904140,254.167.159.139,473,CT
1901515552,113.150.50.175,417,VT
1257096177,159.228.244.47,819,PA
1727912945,32.211.253.150,134,TX
2042189042,131.199.40.142,240,TX
1656641460,28.102.32.107,373,TX
1138637616,105.229.166.109,413,CA
1117624237,121.8.136.171,485,VT
680377655,209.109.94.111,342,ME
1276641328,44.64.141.146,285,CA
1669453553,130.34.143.115,472,TX
972792965,72.184.108.228,872,CT
1094946303,28.30.83.245,781,NJ
1246854075,215.97.124.207,340,PA
1295693991,216.25.147.205,62,NJ
1792781018,229.249.191.61,622,NJ
1469364323,181.227.213.253,581,CO
656057102,36.200.207.121,89,CT
1436568634,126.83.138.176,180,NJ
1265836056,208.148.130.52,105,ME
1534209867,54.6.117.174,207,ME
694871676,43.38.198.36,433,CA
1830646744,201.86.34.144,395,NJ
1306027204,72.88.158.99,297,FL
1715041133,71.90.150.169,400,ME
1273191178,33.182.217.83,744,PA
912976699,247.181.161.116,898,TX
853233255,130.89.181.206,802,CT
1603880650,31.201.83.197,398,TX
1054528829,187.230.140.180,560,VT
1405403200,167.97.191.146,33,VT
1268182741,238.103.3.90,148,CA
764656569,190.20.193.154,437,ME
826813304,56.242.163.180,640,ME
706136073,222.94.205.203,793,CA
795836937,21.14.208.254,98,NY
1845982050,41.116.8.240,893,TX
1381038055,56.3.19.231,336,NJ
1348617441,233.22.82.158,629,PA
763491155,220.152.105.241,867,ME
1952384037,144.251.76.117,563,TX
1410440700,40.59.55.205,381,CO
1461536992,132.87.178.189,106,TX
1970029544,236.116.148.49,319,PA
886161496,46.9.23.87,396,NJ
1208233419,167.36.199.130,287,FL
1660495917,49.253.226.184,461,CA
1709867110,41.124.20.192,425,CA
1272765944,40.126.3.140,595,NJ
748919067,219.89.101.13,964,VT
642686330,96.82.203.248,354,NJ
1734885173,79.103.62.250,477,PA
678688535,113.185.149.3,132,TX
1799999372,20.204.161.144,354,CT
1541023412,146.75.172.74,263,CO
950070130,38.241.47.63,56,NJ
1711306840,128.215.98.243,933,CO
1100386364,16.231.202.114,434,VT
1118737420,55.25.249.122,184,TX
1376117826,228.18.64.39,87,ME
1999271104,29.51.199.254,956,CT
2041646008,73.21.106.252,662,ME
970955646,56.43.202.38,528,NY
690143878,91.201.253.160,503,CO
1298275974,112.143.175.99,266,NJ
806544801,130.111.163.15,790,VT
1303961855,1.3.78.62,521,CO
1753656739,175.210.113.162,414,CO
1146958842,166.155.24.66,497,TX
932397456,95.213.47.11,454,TX
898869465,96.186.61.54,628,PA
1068900714,86.190.165.21,348,NJ
1018646130,11.187.14.149,667,ME
910535340,107.138.20.102,208,NY
1706533497,225.227.52.93,442,NJ
1375111428,152.119.213.248,566,FL
1694016681,147.8.212.88,669,CO
845141766,36.161.111.84,686,CA
1903797458,215.103.63.38,96,VT
1654113056,159.216.228.100,598,PA
1611959788,168.87.197.100,780,CA
762555895,10.38.64.156,330,NY
1001045125,36.121.61.100,145,VT
1314254933,63.205.188.79,681,VT
1885412121,17.20.164.250,688,ME
959080237,174.209.219.137,735,VT
651326642,29.156.228.216,920,VT
2065264885,121.204.201.227,372,CT
1709381316,118.23.153.68,750,ME
1535647152,16.175.135.206,207,NJ
1886259471,209.109.80.16,573,CA
1640993593,99.79.253.131,883,NJ
1423545142,149.2.108.60,649,CO
807592456,193.142.154.253,482,PA
1639677233,250.196.99.152,329,ME
2091880050,253.61.254.36,411,NJ
1584225964,119.29.94.181,175,CT
1158374123,202.158.176.186,203,ME
1326630827,37.148.31.47,998,VT
