1486581081,168.182.205.137,175,CA
1275705922,119.112.174.33,322,PA
1695280547,131.217.34.16,863,CT
1453202764,103.224.195.106,349,VT
754341856,242.231.226.58,49,FL
1812212841,100.111.57.54,102,CO
1304536805,246.131.224.59,699,TX
2012161644,58.77.248.248,819,ME
1141016497,88.122.110.209,84,ME
1884867427,103.192.153.246,804,CO
1341028299,156.4.171.253,611,VT
1583276696,67.47.234.111,90,CT
1827052870,69.243.36.220,867,NY
1375934198,166.118.25.226,179,FL
1437978486,77.67.243.105,549,FL
1248277383,199.85.12.148,197,ME
1521411952,212.247.114.22,25,ME
1979409120,118.145.43.227,250,NY
2054112813,37.224.245.116,190,FL
1340036138,166.100.89.54,480,CA
1538673810,35.147.109.243,345,CA
837988374,49.91.68.197,790,TX
633970397,91.240.237.156,946,CA
1826272385,9.18.27.206,900,VT
2062828831,141.238.237.85,232,PA
659193835,193.11.114.91,532,PA
1261095836,97.192.112.26,836,VT
1171377149,211.229.2.71,441,VT
1682976387,125.141.79.207,10,FL
1956244840,109.205.134.117,645,TX
1179461356,237.233.7.29,99,PA
1485833032,173.212.122.175,621,PA
1062200926,46.167.128.89,875,CA
1750562263,81.75.83.167,761,CT
733270138,157.98.59.169,54,VT
1569986457,171.163.83.48,797,NY
1126906052,177.213.183.163,952,TX
1863580849,63.46.231.120,633,PA
1014524153,73.169.2.211,318,ME
2022724654,202.114.147.72,49,CO
1637274410,87.223.135.236,101,FL
1207636335,199.101.214.143,38,FL
1659984322,252.22.229.16,15,FL
1312469363,32.118.198.156,748,CT
994041178,161.121.20.174,177,ME
857592208,185.70.125.87,912,CA
2049392547,205.98.13.168,921,ME
1071307698,32.243.190.26,199,VT
862506618,56.6.70.133,296,CO
1461694713,54.161.49.129,414,CA
1191245294,47.199.149.13,438,VT
1620736704,224.110.12.207,46,FL
1218929629,172.86.237.65,205,CA
1176533069,60.20.216.130,987,PA
1257893216,67.235.109.85,427,CA
1654335027,45.205.197.247,343,NJ
1447301366,40.195.110.84,235,CO
764076698,231.225.232.237,156,CA
947438009,170.149.235.228,569,FL
1863196573,178.60.233.241,784,PA
1572838049,21.239.58.88,677,CA
1623871605,235.123.108.126,464,CO
1184833936,57.127.19.231,55,CA
2040878574,21.137.156.145,775,PA
1594892057,66.202.206.133,751,CA
1003590974,139.150.189.35,341,TX
982057340,118.176.222.143,586,CO
967491561,105.107.118.152,13,PA
2076850304,171.158.41.180,401,TX
2056010251,214.223.153.78,380,CO
1621636580,133.182.249.62,289,TX
1047665752,247.234.185.101,731,CO
1193819325,247.148.136.130,301,ME
961835111,227.60.178.36,685,CA
1801041866,110.141.119.187,484,FL
1825654907,136.135.192.45,286,PA
1775466062,3.241.173.176,277,CO
848868211,205.161.229.241,268,TX
1229375540,142.104.28.76,19,CT
2084629241,171.160.134.7,772,NY
1126471057,131.133.248.138,180,CO
807303655,64.185.185.236,246,FL
1028626956,31.189.53.78,159,FL
1982210987,1.138.241.239,651,VT
1936869500,140.170.104.244,580,CT
1885865829,101.49.105.202,3,CO
2100309585,208.61.68.173,510,NJ
1214645672,204.148.210.139,184,NJ
806288855,75.199.103.158,797,PA
1676847555,123.245.132.42,226,NJ
1360954030,62.137.85.240,150,NJ
1544135180,202.18.5.248,528,VT
1146501513,40.14.122.220,555,ME
1967419679,22.94.190.48,365,CO
1220986046,143.125.115.75,304,TX
882300994,187.214.231.36,310,NJ
1731466853,212.228.41.184,769,FL
1134232197,11.16.56.247,144,ME
1305275235,231.100.38.29,928,VT
896224410,84.92.226.182,632,NY
930541082,176.188.223.196,790,CO
687814016,15.5.13.136,278,TX
1786222978,237.47.133.37,161,ME
699573034,171.189.125.27,594,CO
1040562071,185.10.249.49,529,NY
2006428528,177.116.131.82,785,FL
1821055808,237.209.106.198,95,CA
1003694217,212.221.190.210,221,CA
1145985821,33.237.226.221,712,NJ
970648355,62.124.128.45,413,ME
680303053,236.249.35.241,112,CA
2093830046,195.82.57.150,827,VT
1064362726,97.170.30.208,653,ME
1940400317,185.32.159.215,855,CA
1032578753,151.124.95.27,661,FL
1379487059,208.5.37.155,551,CT
1630556517,146.131.107.98,879,TX
1408580594,123.53.219.75,220,TX
798267048,22.195.199.125,548,CT
1968114528,201.227.238.228,427,VT
1545304147,180.64.34.207,734,ME
1994477454,48.24.241.253,39,FL
1495736206,241.226.138.6,328,NY
2078733766,83.59.245.126,834,CT
957256709,211.65.96.193,711,PA
1367235263,250.12.56.46,389,TX
2058885915,206.1.175.198,474,FL
1167518188,209.182.170.235,341,VT
1307152170,56.10.99.143,569,NY
1093719549,199.87.66.193,203,PA
1981329081,3.98.234.69,3,PA
1036838198,207.62.33.42,418,TX
1725484093,199.244.238.22,768,ME
1837837456,165.66.203.221,773,NY
1808371137,28.138.149.151,708,ME
1956440635,121.160.1.175,284,NJ
854268552,249.157.17.130,479,TX
1928116228,143.136.111.155,579,NY
934134360,139.253.233.186,252,CT
1449809741,193.5.113.59,939,TX
1539744149,75.90.202.179,515,FL
907581811,176.118.82.84,286,PA
1503824158,172.134.16.84,386,ME
2019393976,103.145.214.99,742,PA
993169773,90.43.45.167,399,PA
1656414446,51.73.135.205,495,NJ
1834353327,214.100.249.213,550,CA
2112425644,69.197.186.118,369,PA
857964479,93.60.133.215,124,NY
1473297754,118.31.128.112,557,FL
1626428777,47.136.27.184,518,PA
1607249795,47.219.197.12,472,NJ
674252208,80.238.196.21,643,NY
1910073359,124.168.15.99,537,NJ
1369576012,86.0.161.119,191,CA
1086882659,168.129.64.171,243,TX
1471256713,70.21.215.140,988,CO
1484091249,237.58.84.207,844,NJ
2108560671,190.244.53.154,408,CT
655012398,144.185.180.21,593,FL
1873083048,4.219.79.150,162,NY
722303943,44.16.179.188,881,NJ
849379347,163.84.231.183,793,CA
681544639,44.179.120.163,602,NJ
677858253,247.127.141.105,365,CA
1135539888,24.110.133.172,57,PA
953546808,32.235.172.120,363,VT
1968710413,76.12.88.27,974,CA
1894929512,122.162.244.157,933,VT
917940765,134.99.111.88,15,CO
1018234433,245.176.64.59,840,FL
1427214084,120.245.76.200,331,ME
975238586,122.229.164.137,276,CO
2090937571,136.10.150.167,275,FL
1501029854,200.214.8.108,115,VT
1728987992,50.132.10.51,330,TX
1317560905,101.245.12.94,344,NY
2103772921,40.78.111.45,253,TX
1400991300,32.11.237.159,115,NJ
1031987823,15.127.219.197,983,CT
1172446644,159.96.220.56,414,PA
665710301,151.225.130.65,241,TX
1588530791,108.123.103.52,974,TX
1770813939,220.235.251.195,65,NJ
1936479686,138.87.86.64,539,ME
2086259155,208.240.155.231,541,NY
1368244501,148.34.6.68,518,FL
1559105859,36.63.175.68,729,PA
1391683880,162.56.178.253,633,FL
1833757446,107.21.230.228,219,ME
1948183062,191.154.233.2,558,NJ
1319323510,81.23.72.139,168,ME
817692031,73.116.218.229,520,NJ
1445263197,122.162.65.0,132,FL
1622139983,76.56.171.227,82,FL
1651851375,80.94.192.212,691,VT
1515485407,34.129.231.11,799,TX
2048480734,36.40.43.189,796,PA
1849740140,7.230.227.205,924,ME
767353827,237.190.251.173,48,TX
1309800979,155.50.151.126,838,FL
1771472635,208.119.52.65,420,FL
2043278588,113.218.51.53,147,VT
1715978163,147.130.61.1,667,VT
1872214386,125.188.60.198,46,PA
723069454,226.228.107.9,776,NY
648913422,29.244.241.37,165,CA
1933766304,89.229.234.235,232,NY
1089037056,90.28.39.23,240,FL
1595776713,201.193.234.130,255,CO
1255821227,206.157.30.64,440,PA
1457770393,22.220.172.165,576,TX
753355550,171.19.177.61,324,CO
1135320923,231.27.103.254,965,ME
1232616508,63.18.22.143,795,NY
1051425397,133.108.218.229,349,CA
1568700141,17.28.250.186,892,VT
1368550811,230.198.127.239,873,FL
1040486371,16.146.139.221,124,TX
1652566179,62.28.57.92,555,CA
812763448,90.23.121.18,233,CT
1500903224,243.61.142.50,23,CO
1552397050,125.13.144.182,570,FL
1764491827,232.216.187.47,754,VT
825059709,20.9.63.109,442,CA
1466896788,47.1.25.182,413,TX
634980911,248.84.36.177,118,VT
1486025579,25.201.20.221,972,FL
1699973055,108.144.18.161,330,ME
1139643888,95.116.182.37,454,CT
1657527327,123.158.206.121,626,NJ
742478409,122.171.82.246,743,FL
1789888125,89.192.52.51,801,NY
1647059700,204.238.131.217,533,CA
1804713204,41.247.12.179,434,CT
634149666,29.217.218.33,686,CA
2106582482,99.64.1.161,191,CT
1492693844,175.105.123.151,355,TX
1922611404,212.186.43.4,680,FL
1559187600,169.83.182.75,292,ME
1077377507,152.148.250.59,590,ME
1674293231,244.74.125.198,925,PA
1223361034,183.195.103.189,713,TX
646060572,179.78.230.38,153,CA
1960155892,83.128.43.17,968,FL
2015870556,124.87.247.78,261,NJ
1791833254,22.79.121.128,652,CO
1297341238,66.37.166.78,184,ME
1415890490,151.187.40.215,182,CT
1391581027,17.122.225.183,533,FL
1331247569,47.185.234.170,637,NJ
1100748180,112.156.62.21,233,TX
1837848287,86.141.83.204,242,TX
2085190464,147.125.154.217,830,TX
652696815,87.38.239.217,989,PA
1742999212,231.199.204.109,710,FL
1171405202,11.246.116.156,467,CT
699264713,124.39.253.246,665,ME
1442028398,226.244.12.230,897,TX
2013470085,115.17.125.127,358,CA
796555858,20.119.33.188,386,ME
1421249007,228.241.204.196,781,CA
1014403420,215.147.204.163,333,VT
1504457523,201.151.186.124,853,ME
651007397,247.76.68.9,843,NJ
1922538441,70.124.179.1,736,VT
1720493983,125.61.230.231,527,NY
976062800,145.156.8.89,869,VT
1929955303,211.178.36.16,103,CT
1105483911,213.150.190.33,211,FL
647871508,176.240.171.241,830,ME
1048126064,239.17.109.119,402,TX
1362564489,138.8.48.127,818,TX
2020728123,109.91.92.130,66,ME
1294844254,107.51.20.10,369,PA
1422801864,166.139.44.243,936,NY
2077910215,24.206.90.206,509,CT
1955143259,175.166.237.140,973,VT
1945317647,183.36.9.171,37,VT
882608595,237.114.61.1,470,FL
1869370953,141.40.236.26,212,VT
2063501476,109.133.41.89,694,CT
1421089930,188.43.26.158,441,FL
955098734,229.192.175.170,288,CT
1421282011,3.9.37.203,354,NY
660039806,205.162.86.37,653,FL
1037800612,252.120.220.247,771,CO
671039702,45.231.87.193,167,CT
1530281976,141.203.236.181,47,NJ
917171982,67.21.182.197,992,CA
1911119023,33.163.129.178,728,PA
968731881,219.127.94.222,824,ME
891590433,29.148.148.64,105,VT
1951581106,81.143.124.239,520,VT
1060528744,50.76.89.125,856,TX
1178621642,151.127.59.55,728,NY
2059812021,220.239.252.95,268,PA
1474571020,174.178.142.225,801,FL
874433982,119.212.239.130,964,ME
1763169861,90.9.184.86,381,VT
1031003244,223.120.205.201,347,VT
2040619833,219.219.188.105,537,ME
1179336499,55.94.141.249,110,NY
1394545901,62.89.70.35,859,PA
1970667793,207.93.154.37,903,CO
1776379095,120.191.242.229,450,CO
2092945661,219.55.210.154,652,NY
1485537080,54.178.211.237,809,CO
1949350301,14.207.174.201,809,CT
817641867,217.254.245.154,171,CA
993445332,105.127.132.84,355,FL
1761506075,155.158.149.252,127,CO
1496615605,229.91.248.199,385,CO
1660848573,107.18.32.46,935,NY
1480861955,191.28.55.135,979,CO
1312080244,189.72.152.23,685,CA
733595908,85.172.81.21,456,NY
1901251267,171.45.11.185,401,FL
1795318304,11.188.9.179,600,NJ
1022698232,247.211.113.210,606,ME
871301754,31.11.246.248,387,CO
852474042,95.215.11.49,82,ME
1536999318,186.181.96.89,123,ME
1185639183,178.155.71.155,658,CA
732213452,133.71.119.159,431,NJ
1888173690,32.175.91.253,638,ME
689325980,221.49.135.14,490,TX
1705500230,219.111.191.218,670,TX
1882361703,137.133.133.172,231,CT
672612538,128.19.222.101,337,TX
773837763,252.62.83.137,66,CA
1134035577,47.175.194.242,767,NY
871039535,245.15.67.95,7,FL
1427379362,89.245.61.249,237,FL
1746833638,75.41.135.208,446,NJ
1495978445,173.41.55.59,629,PA
725073040,61.28.163.178,423,FL
922070630,48.45.8.12,768,CT
1020470757,173.3.205.59,394,ME
1982864301,192.205.232.232,689,NY
1223777622,242.238.151.101,453,NY
2023446300,57.184.243.38,793,CA
656495893,246.174.168.229,223,ME
662061220,36.37.66.89,858,FL
1043408382,249.167.6.120,762,ME
1850266058,143.210.44.186,595,PA
693085826,169.134.141.83,296,NJ
2106306988,8.170.93.193,818,FL
1320433316,67.126.191.124,807,NJ
1682689161,209.135.153.146,518,ME
1370221523,3.133.108.192,580,CA
1017582435,158.101.179.211,995,FL
945395685,107.191.186.177,946,NY
1680329041,135.207.16.2,494,NJ
808419637,36.30.239.211,113,PA
1620327221,113.3.129.34,157,CO
2038149299,84.173.0.5,917,NJ
1884810772,45.166.190.116,496,CT
685236934,14.96.216.202,603,TX
1169141139,148.213.38.0,486,VT
881561268,97.110.203.204,741,NY
1750963749,50.139.170.218,79,NJ
1514102213,200.96.235.14,761,TX
925479508,154.199.143.168,493,CT
1562777974,159.207.77.53,441,NY
1387146584,254.156.55.104,488,CA
936542334,194.29.164.51,16,TX
1798808919,150.174.198.253,307,FL
1743185654,37.78.190.234,108,ME
1527348748,46.253.35.162,256,FL
2083556755,33.132.99.35,666,CA
1942357362,170.141.143.17,272,TX
1223158625,194.126.183.119,592,ME
796545435,229.148.47.141,942,PA
1145432442,141.44.188.100,174,PA
1202041571,209.89.50.243,794,VT
898426356,8.74.120.39,805,CT
731925855,137.248.75.102,865,TX
741319882,227.195.118.70,827,FL
1839735759,44.239.249.159,878,NJ
1631452349,155.249.244.65,358,TX
1263360343,83.44.134.224,273,PA
1947857654,177.83.20.121,557,NJ
1539993088,17.165.219.27,611,NJ
1686017331,113.232.19.213,54,ME
1481607925,77.209.243.123,573,CT
1354502778,125.2.31.239,811,NY
1805696960,209.168.214.144,898,VT
1245776437,116.133.100.150,212,FL
2005218547,239.203.68.7,191,CA
1240025623,35.163.243.194,390,VT
853740569,49.198.36.39,787,FL
1639551896,166.11.20.33,245,PA
1501658934,154.160.73.47,549,TX
1810971246,100.34.67.68,695,PA
1706053613,86.53.85.242,984,VT
1394563933,52.168.178.89,54,PA
1968186212,186.177.81.95,651,CO
1824862234,28.15.177.68,770,PA
869856019,21.83.217.171,51,NJ
1070579522,128.75.213.185,455,FL
775356286,27.49.235.205,220,CT
1676630872,173.141.118.131,774,VT
1187476708,15.116.167.177,165,TX
1997760903,252.64.64.124,965,CA
1436078945,22.116.165.130,880,VT
2056290688,78.200.251.123,829,NJ
1230981807,33.67.232.249,35,PA
1284009430,227.173.131.201,396,CO
1569712392,151.217.109.89,275,CT
1395863021,86.40.191.88,450,VT
1021766590,149.199.223.60,373,VT
1341476171,124.74.40.175,709,NJ
1465866719,138.168.77.109,678,NJ
1349341707,22.199.15.229,419,CO
869899939,225.59.64.246,227,NY
1322721314,152.127.142.203,593,VT
1245660825,148.156.166.98,982,NY
1909920965,120.142.149.124,549,PA
1499627641,47.121.54.62,972,TX
1410340765,84.114.227.107,659,NY
1434657188,123.138.155.50,162,CT
1296904883,98.212.47.186,469,PA
1620028049,16.192.145.220,509,NJ
1906489545,193.41.95.65,288,FL
723139552,19.90.138.189,650,CT
2053824604,69.242.85.56,456,CO
1059161450,75.41.66.79,651,VT
1953811343,148.61.221.80,882,CA
1291917909,195.205.95.26,805,FL
781123615,9.102.157.4,589,CO
1954901351,18.195.174.166,232,CA
1229172512,14.235.228.151,112,NY
1661697419,190.100.244.171,429,NY
931471002,57.143.33.238,466,CT
1101216195,171.22.58.15,21,NJ
1918853509,51.134.226.17,65,ME
895025172,103.13.246.211,236,NY
1276168528,238.149.151.191,784,PA
1634416729,19.74.117.80,781,PA
1549092885,3.239.242.181,924,ME
1824132645,118.229.144.49,445,PA
1012109622,254.197.223.121,848,CT
1625099092,87.93.55.182,839,ME
1980416182,112.212.130.120,291,NY
1683843595,193.15.238.61,157,VT
721968635,115.151.35.103,11,FL
1070453926,169.47.211.20,834,VT
767212434,68.80.189.226,788,PA
1586494175,36.144.8.120,879,ME
972667732,195.197.182.55,233,PA
1958119428,173.61.214.108,234,CA
996816465,6.149.95.234,534,PA
974629292,21.55.196.26,999,TX
1380332411,54.194.136.150,864,VT
1387421233,129.103.24.0,593,CO
2033377001,46.85.99.151,222,FL
2104967104,152.123.133.246,557,CT
882406937,113.138.234.96,811,NY
1941908844,141.157.20.198,63,CO
1292138241,185.198.23.35,677,CA
1319295224,94.60.6.195,943,CA
1464225308,116.82.24.76,400,ME
1227108573,220.29.76.61,543,NJ
1001485479,15.42.83.249,287,CT
1115836805,92.148.26.167,967,VT
678044071,159.70.27.184,968,VT
1325867989,89.156.26.22,497,NJ
1148088689,21.215.248.225,483,FL
1776682055,85.157.104.113,235,VT
814904257,97.141.147.239,444,FL
683301891,194.62.248.26,572,NJ
1007543973,243.234.8.88,457,TX
1295832761,15.168.226.174,122,NJ
1387540335,240.215.80.202,713,VT
1477299099,94.243.27.246,875,CA
2007665352,166.173.110.185,294,NJ
1657665458,230.58.197.213,123,NJ
1040356009,181.94.173.141,866,VT
1052560427,242.247.40.182,344,VT
1775482299,205.173.32.166,602,TX
1538400257,171.53.137.76,452,CT
661144321,42.105.17.226,515,ME
1269567826,193.234.190.198,706,CT
672428716,9.80.35.168,737,NJ
760742799,6.153.174.25,845,CA
1651722137,83.241.10.61,209,NJ
1015271212,162.65.217.178,261,VT
1622804655,72.91.216.174,143,CA
2031228215,166.31.246.60,967,CT
719599656,127.180.98.56,105,NJ
1484721959,48.249.250.95,983,TX
1945642446,10.89.230.119,517,TX
1144392104,233.184.169.30,780,CT
1766088077,218.3.1.93,720,CT
1005589986,17.15.253.132,457,VT
1416334780,82.28.176.13,461,ME
958161134,207.137.150.6,54,NJ
1957314241,103.0.21.246,223,PA
907631062,117.15.159.169,644,CO
1555398864,243.15.114.107,389,NY
827978624,48.107.54.173,622,CA
2049732831,15.20.44.184,881,NY
1035362830,74.58.250.196,252,FL
1677144233,95.30.194.69,216,VT
1960381879,179.181.44.240,946,ME
1710890485,57.37.33.218,652,VT
1724876137,203.30.183.31,778,VT
1365443137,140.60.13.30,599,PA
1532676819,95.46.103.95,229,PA
1451677900,165.226.102.171,824,CT
1452914162,1.69.75.201,736,ME
914824680,130.119.74.228,473,FL
1834332813,164.10.119.10,231,CO
1794596173,102.43.81.95,494,PA
1971384923,177.154.91.150,515,FL
1725963987,61.236.156.35,432,VT
944160732,197.110.89.233,736,ME
1464514339,177.1.67.119,795,TX
1446139242,36.244.163.130,666,PA
1299231168,220.101.210.117,116,ME
1913066127,56.103.172.182,30,VT
2013668085,33.220.170.154,605,ME
1665242440,217.74.179.196,934,TX
1258300703,138.112.165.49,600,ME
683576433,136.157.185.192,121,PA
1744119893,206.207.150.69,184,PA
702392779,206.19.183.206,331,VT
1764769048,108.99.246.189,605,ME
882002903,1.77.60.194,819,FL
722408025,110.147.112.41,58,FL
1455934824,96.226.130.200,729,CO
1311995905,240.94.86.175,621,CO
680169317,4.253.195.254,54,VT
1779089902,72.172.183.103,99,NY
1999658450,176.118.100.163,208,PA
1723969441,235.113.219.76,510,CA
1055738578,167.138.247.116,950,CA
1989225947,115.139.146.203,832,TX
898182662,100.248.78.200,497,ME
1070436121,175.222.97.73,284,NY
1658680764,151.160.207.15,766,CA
817652282,82.240.18.140,733,PA
1258700239,182.56.86.162,271,ME
641274506,209.35.199.87,466,NJ
901280425,224.75.5.142,355,ME
1958214142,147.101.12.131,897,PA
911038446,54.132.111.1,510,TX
761520323,63.74.115.226,75,FL
1406318745,62.22.151.120,394,TX
1601793562,3.245.72.230,320,VT
796690012,70.196.161.88,516,NJ
2092167585,138.230.199.159,89,VT
1950432272,171.79.90.228,110,VT
808660934,124.113.219.111,199,ME
2019025142,81.131.29.4,1,CO
1842070823,77.186.104.218,727,CO
1725717110,164.112.186.171,750,CA
863426692,233.228.171.249,285,NJ
1195162433,122.39.153.172,442,FL
1352706935,193.30.254.174,806,PA
1546581463,3.162.81.75,816,PA
871853603,210.95.20.139,874,CT
905532989,38.158.50.210,865,FL
919598069,28.220.100.174,107,CT
1933408792,30.95.7.157,74,CA
809972492,163.252.32.175,975,NJ
696642476,223.185.87.208,946,NJ
1245200977,20.61.71.120,47,NJ
887503960,204.241.102.157,852,PA
1131630811,14.217.107.213,140,NJ
1435881612,34.165.104.115,919,CT
805444562,252.111.201.158,817,NY
1715965067,189.194.26.30,320,PA
680895871,12.161.92.21,505,NJ
1118700741,227.7.122.102,309,FL
1102365024,193.9.34.193,523,NJ
1676482532,150.233.123.184,173,VT
1467615368,45.226.70.170,457,NJ
1363390155,65.143.152.45,622,TX
1893595534,229.221.211.25,399,CT
1441191435,128.76.50.201,778,TX
1774474300,111.89.148.210,601,CA
1150922396,2.27.12.26,954,CA
1844444663,72.115.226.228,399,TX
1539596837,115.104.63.222,319,CT
1211626619,81.147.7.248,995,ME
1023784683,73.93.100.158,988,TX
2007414404,101.191.219.128,262,VT
2007232526,181.203.110.65,636,VT
1602157382,149.60.246.82,139,CA
1180030580,173.167.151.129,723,CA
1825566846,131.77.180.69,227,ME
1674594827,225.97.6.56,929,NY
1555091631,181.39.149.60,602,NJ
1248516404,101.45.129.167,622,CO
1702348138,26.143.146.192,815,CA
1706075862,117.117.6.51,392,VT
687694898,216.11.68.149,91,CT
1899920515,161.104.104.99,770,FL
845631405,110.185.121.15,248,CO
967445812,122.30.86.19,421,NY
1820853305,62.193.132.228,215,VT
2101686917,152.140.30.12,661,VT
1368070712,209.77.163.56,537,CO
1524498377,119.188.132.142,152,VT
1015919282,20.205.18.194,127,VT
812061458,231.93.14.56,528,NY
1852518591,147.65.133.72,929,CO
1450540703,43.145.122.51,338,ME
1157326304,66.252.90.187,270,NY
1313574714,58.223.106.173,469,NJ
1598109336,132.156.112.21,876,TX
1050042539,192.117.195.67,316,NJ
1842169061,58.78.214.224,135,FL
2012200135,128.246.234.220,174,CT
653680977,128.252.217.114,771,CA
1550769309,80.111.158.79,644,VT
1601575230,128.145.224.29,260,PA
1316389987,137.7.105.168,93,CA
1753207904,15.81.41.75,696,FL
803925883,253.37.122.176,124,NY
840617576,53.64.139.189,409,ME
895437604,179.12.105.51,847,CT
1932316176,63.228.156.156,41,PA
944099536,55.167.48.152,253,CT
1292861835,136.221.0.191,24,ME
1269756386,232.145.250.93,250,VT
1042624050,8.148.7.126,114,NJ
1486382496,187.141.39.132,618,FL
1215779846,235.62.160.214,223,ME
1410268406,199.104.112.41,304,ME
1771140292,216.189.74.109,570,CO
1073046501,205.75.21.9,355,ME
1444434980,201.218.171.189,742,CO
2063898100,193.210.72.138,389,VT
1407162247,222.166.1.126,547,CT
1185211889,7.182.163.187,400,PA
750275709,204.210.239.207,646,VT
2081594687,128.135.50.140,341,ME
1018673619,9.199.118.43,246,CT
1954588859,27.52.81.252,139,CO
1222443021,215.248.197.150,507,VT
802408351,20.213.101.158,778,NY
761060605,231.11.185.219,822,TX
670665821,231.108.21.149,578,CO
770259825,4.243.209.94,67,NY
1599758026,160.188.78.78,633,NJ
653810612,116.142.112.101,260,CO
1540292552,121.242.253.70,476,PA
1051325350,56.132.81.59,843,CT
2075899546,239.204.155.214,81,PA
1880136635,22.10.88.156,548,ME
726121891,155.236.152.202,439,CT
1092177353,219.7.205.12,234,TX
2089199194,53.9.173.121,121,FL
1207986877,148.5.220.219,386,TX
1402088263,91.82.125.211,75,ME
1586418744,154.5.226.83,425,VT
1766966802,165.251.152.233,18,TX
1950142854,24.125.250.185,866,CO
847352533,248.252.164.238,667,NY
939046484,149.108.105.7,387,ME
898260163,172.62.218.204,876,VT
715813112,25.172.107.143,857,FL
633947122,209.99.74.104,297,NY
1441503080,201.88.17.122,965,PA
1800184704,79.68.61.185,807,FL
1766539661,195.139.208.180,749,NY
792183117,9.232.36.154,145,ME
1451696696,58.126.51.226,392,NY
658986219,5.157.130.181,445,CO
1857241075,137.216.175.67,356,PA
1052589581,65.192.112.254,997,NY
1942656759,7.135.64.113,283,CT
1846466675,50.219.9.130,344,CT
2008422486,227.19.16.168,828,CA
1836233039,27.141.64.207,132,NY
1893062158,237.141.186.112,579,CO
745534552,11.40.106.158,484,TX
2019827743,241.134.222.252,387,CA
1675586352,84.149.94.201,483,CO
1337225401,80.252.43.151,258,FL
1229826505,32.177.69.173,631,NJ
1263996038,90.91.82.186,516,NY
858945132,106.65.196.30,490,NY
1712153846,170.136.55.238,604,PA
1801603308,143.29.20.107,241,VT
1880287225,58.18.57.70,670,PA
2082591453,161.81.4.23,467,NJ
1492119039,183.69.167.252,506,NJ
1936043532,83.8.94.38,303,ME
1378460037,178.112.177.184,474,NJ
2005987948,122.171.129.88,896,TX
2097118934,221.55.7.82,81,NY
1922279224,34.165.96.36,311,CA
1414286449,136.244.213.246,557,TX
1634335793,179.2.235.167,643,PA
1771883264,39.207.149.109,17,NJ
930495000,19.98.210.131,54,ME
898216300,224.129.105.197,855,CT
1657693983,21.187.104.223,231,VT
1111275237,219.78.206.98,22,TX
1358786098,92.130.156.187,283,VT
1875759509,15.222.174.126,185,CA
1356629575,221.125.246.233,498,NY
1866757430,239.95.188.111,320,VT
868318424,189.44.130.76,262,CT
1266142950,67.191.118.137,586,PA
975012098,81.224.196.154,262,CA
781619554,67.150.213.157,66,FL
650530027,106.237.142.89,976,ME
631595820,3.28.9.221,291,PA
2088193014,91.51.130.215,515,VT
1100192235,203.182.181.48,277,VT
761385833,138.228.21.6,951,NY
905713634,81.159.235.13,949,NJ
1671401930,29.137.74.126,270,CA
1808529834,159.222.63.233,229,VT
712793324,51.91.56.75,381,CT
1944051216,165.4.245.188,782,FL
918356401,147.125.145.121,676,NJ
1262590058,68.167.229.13,356,VT
1080253406,3.161.155.169,933,CO
727072877,124.2.116.243,499,FL
766841244,195.80.123.60,128,NY
1765907148,168.181.102.21,944,CT
860421594,206.166.177.180,917,NY
1175789731,135.49.236.4,914,CT
1561536175,253.233.154.170,933,NY
1642131192,15.74.127.19,482,ME
1137719407,233.53.80.203,414,ME
815592716,101.59.114.163,628,VT
1625602896,194.131.155.21,570,PA
1616638610,249.109.99.21,804,CO
2063448398,18.133.170.233,180,TX
866586456,236.171.227.242,549,CT
751353730,118.228.52.89,114,CT
1537891000,111.143.42.135,964,NJ
1478533427,153.51.140.180,25,CO
2008872426,169.161.114.15,978,CT
792310198,246.107.62.12,704,FL
998977751,237.114.85.111,456,VT
1059473444,81.39.214.4,585,NJ
758788283,235.79.136.32,67,FL
1640793555,223.136.148.119,571,CA
1819902737,33.228.254.116,913,ME
982799381,127.247.21.156,241,CT
921595242,187.237.30.207,871,VT
1911341230,242.103.183.3,230,NY
654622846,45.129.205.101,207,CO
987811734,114.88.183.104,462,NY
738517700,150.25.167.226,516,VT
1535789488,36.133.99.186,610,NY
1427588918,229.213.164.57,928,PA
1587613691,32.88.96.196,878,FL
1874062974,27.95.37.39,23,VT
743728284,10.101.51.192,552,CA
1389623364,9.131.67.208,819,PA
1395688971,78.73.79.136,723,VT
1245514814,11.166.134.221,74,CT
1310849759,201.102.79.176,708,CT
1321445833,80.20.107.217,533,ME
1552101918,169.212.71.220,967,PA
1822281432,142.237.36.111,32,TX
1048222422,20.135.230.120,142,NY
1228708891,124.172.154.29,242,CO
842330002,22.233.197.160,693,TX
1910700940,55.148.53.226,526,CO
1766253469,4.113.14.209,156,ME
1629825967,4.161.249.18,288,ME
1412484425,156.16.248.149,421,CA
2074722086,195.222.62.195,408,NY
860564331,209.77.199.252,758,PA
1910811774,234.135.228.183,566,NY
1412439893,179.12.20.123,991,FL
762503409,72.68.132.60,255,PA
1119938697,53.3.23.3,633,NJ
1655664453,252.158.38.103,485,CT
1939455304,223.225.167.45,21,TX
885807019,205.96.253.58,120,NJ
1051558484,97.129.124.90,555,NJ
989058074,27.163.55.168,428,TX
1958505545,113.10.163.181,747,VT
940494945,14.76.40.18,437,VT
1610749948,166.213.162.200,534,FL
2096402689,148.100.243.18,557,TX
1916818185,182.244.171.38,5,CT
946539927,209.145.173.197,599,FL
631546979,140.2.242.190,761,ME
637685610,177.109.246.109,563,TX
695824293,75.107.188.134,644,TX
1170651962,141.25.139.5,132,ME
877189065,217.44.0.234,140,FL
1924960853,157.249.97.52,119,FL
755254184,19.208.31.110,869,CA
1657297481,51.2.237.128,488,PA
1361262291,221.164.140.254,223,NY
1640372036,127.254.69.211,424,TX
1077520220,185.234.130.211,810,ME
1758817987,153.183.93.200,106,ME
2024194901,39.144.106.249,601,FL
666392846,211.25.177.150,574,PA
1820126805,93.97.22.69,455,PA
1034895172,235.187.18.47,84,ME
1546960418,165.170.60.103,599,PA
1092115637,245.57.39.29,267,FL
1159837082,112.137.20.196,441,NJ
1531019084,42.42.223.42,259,CO
1404685236,247.35.232.135,244,TX
908723360,59.211.245.103,657,NY
1336297934,132.11.227.52,758,ME
1064708594,34.244.117.83,604,VT
989057328,212.168.194.77,988,NJ
1812667121,184.80.75.213,905,CT
1198598702,225.38.123.165,450,VT
713489604,252.77.196.181,319,NY
1433841024,193.249.202.5,714,NY
1805064501,159.124.178.211,577,VT
810688478,246.229.65.254,894,ME
1244383582,50.249.222.155,892,ME
1748078784,214.1.9.113,954,TX
1832276699,150.192.212.49,599,NY
1215770591,94.69.0.79,175,ME
1411714166,213.237.88.32,545,CO
1794152302,58.191.209.201,558,ME
828114106,31.203.105.24,110,CA
1699371923,133.174.57.54,236,CT
936251290,66.174.89.109,727,CO
663971336,88.215.8.130,945,PA
705234875,183.9.170.117,964,TX
1639750388,67.42.140.59,21,FL
2013764934,74.241.50.102,904,NJ
2008108669,228.207.29.74,125,CA
811569710,161.223.104.65,745,CT
1985355161,231.74.48.1,278,PA
1152769093,155.183.124.104,968,TX
669086073,118.192.93.189,701,FL
2007703251,224.187.108.69,690,CT
809001143,96.63.209.121,42,VT
1842049150,71.207.4.91,853,CT
819599275,72.168.0.241,679,NY
1012791945,189.197.137.10,366,ME
671496199,47.29.151.3,326,CT
751378789,29.53.54.75,418,VT
1792712989,45.243.193.139,565,NY
1633971693,249.126.0.80,176,ME
1022775164,34.148.8.163,78,ME
1240778116,135.65.228.14,429,TX
1181362976,197.126.141.237,676,PA
1260196473,252.240.232.25,762,CA
1711265257,171.149.153.208,600,CO
1394944909,250.218.219.150,822,ME
844785106,31.170.96.155,233,VT
1212908790,113.24.223.123,472,NY
1811253176,39.224.58.97,212,CO
1277855379,28.102.209.87,28,TX
1594669397,11.202.135.14,667,TX
1759307152,22.213.86.181,458,CA
985371377,82.13.179.250,992,CA
944804531,94.124.122.226,286,TX
1752167440,220.38.185.12,924,TX
1715992731,155.219.98.179,208,CO
1497951049,27.193.252.36,670,PA
889455848,161.21.203.166,970,VT
1344032823,211.48.152.131,616,CA
1646044196,248.91.21.235,885,FL
903116205,177.38.177.198,768,CA
2090479226,90.93.133.194,420,TX
2004371743,35.205.46.57,801,CT
1392471124,140.137.72.110,548,PA
1474372935,230.68.194.81,709,ME
1366501912,172.191.136.33,229,PA
1115158911,51.181.208.191,463,VT
1219410488,151.157.26.223,952,VT
1802856324,112.103.173.173,732,VT
1187299858,238.187.210.11,474,CA
1950414666,149.79.78.36,813,ME
1549267560,105.144.189.93,827,CO
1790120736,62.177.98.212,593,NJ
1105954205,109.181.62.99,612,PA
1274595058,202.183.2.211,924,TX
1351237074,131.66.249.92,398,VT
1699789018,186.134.57.121,140,NY
2090456942,83.167.165.191,547,NJ
1430202678,93.90.84.129,624,CT
1338354903,26.102.214.97,982,TX
947892310,217.106.89.130,285,PA
2003017155,30.36.60.51,10,ME
918328827,193.143.201.173,968,TX
1410902998,128.148.54.178,140,CO
1882633375,182.248.150.213,462,FL
1549909797,225.215.240.53,917,PA
1222755424,20.96.89.80,53,ME
1662778463,105.250.98.218,531,TX
708906839,153.142.164.108,394,NJ
858054079,213.148.35.187,920,VT
1146184743,191.16.96.176,928,ME
2107378915,80.9.212.47,206,CO
1309490096,148.183.41.125,119,VT
1923873371,38.114.177.72,199,TX
1888637077,7.112.183.128,39,NJ
817574515,22.147.52.36,218,FL
1216200635,50.80.108.116,315,CA
953143894,48.25.8.197,737,ME
1122844183,137.19.88.148,553,CO
1593392016,159.98.104.135,56,NY
678532454,196.176.185.2,370,NJ
1364076241,121.197.157.16,663,NY
662276508,217.188.204.232,198,FL
1127151225,96.16.24.218,851,NJ
1669238259,112.245.164.161,744,CT
1257004382,54.163.206.56,424,NJ
1335077425,68.123.246.153,470,CA
952678535,153.137.135.228,400,CT
1355738093,224.93.215.37,272,VT
1979523329,167.144.250.42,934,CT
1709860093,9.237.235.11,856,CA
701985476,63.199.147.168,813,FL
2001387949,25.126.73.245,793,ME
749816915,121.230.41.227,320,FL
1925391935,168.82.27.113,731,CO
1384085976,76.165.234.75,711,CO
956923441,94.122.250.79,685,PA
773283494,175.104.108.218,245,NY
1929185989,130.6.92.105,950,CT
1406023987,84.24.122.176,290,CA
1486690545,49.89.134.85,64,VT
1862068805,216.219.99.239,509,NY
1161482724,23.51.254.228,689,CA
1520362743,231.183.128.169,216,FL
1234604971,83.7.199.219,524,FL
1745734950,193.231.37.166,456,CT
1986619730,96.69.61.236,902,NY
831304924,149.36.179.8,850,TX
800700821,244.113.169.124,212,NJ
1774277186,70.143.88.10,158,VT
655469721,57.151.247.229,460,TX
2084013661,239.100.231.35,464,FL
1064766899,188.189.58.174,708,VT
2111892800,130.135.219.32,16,CO
1668710935,197.80.181.111,247,CA
696450093,49.178.90.174,33,NY
1348822146,172.250.153.141,373,VT
1312466367,200.122.111.186,84,NY
1242971016,33.125.20.81,114,FL
995005733,140.138.138.217,15,FL
1671845463,175.215.249.78,727,CA
1568933086,123.210.169.194,936,ME
1576631772,104.193.66.167,801,NY
1215976152,160.64.92.158,494,CT
1455715622,95.236.152.94,573,PA
1752976069,199.50.139.22,486,CO
1564836791,152.140.238.10,986,VT
1050875651,98.188.113.34,846,CA
1354016006,192.204.48.73,530,CA
2001305276,148.215.61.143,607,NJ
1415690674,96.156.84.192,701,CA
838594205,81.182.70.130,237,VT
1340509555,15.66.216.231,591,VT
890921645,48.108.244.163,272,NJ
1713351133,199.99.185.134,784,CA
2005765943,154.55.124.150,344,CT
1374064109,124.240.22.154,228,TX
1312350413,120.50.104.222,715,TX
1800157757,240.151.146.73,221,NY
1105865572,22.194.11.71,608,NJ
1004957910,109.204.13.224,119,CO
668371364,196.68.230.242,806,TX
2060397714,226.231.243.171,843,ME
767926551,197.159.124.10,940,NJ
745794904,87.45.233.25,480,FL
1332197887,143.163.36.200,885,NY
1795087062,103.79.137.245,993,CO
1170940186,244.100.214.46,876,VT
1936193509,227.23.7.25,164,CO
744738341,101.167.45.109,229,CA
742277593,78.1.181.248,396,NY
1983248554,80.25.1.55,226,TX
1567313683,222.133.128.237,60,FL
875316484,60.137.219.66,513,CO
1743811631,36.91.19.123,859,FL
1288666366,127.47.158.144,565,NJ
1541310477,12.23.20.150,689,TX
1513019745,231.28.104.35,213,NY
769554318,214.5.143.179,791,FL
1628256137,60.60.196.71,278,CA
803021858,230.217.77.249,155,CA
2022525713,104.23.124.75,619,VT
1836201168,252.198.114.177,771,NY
1860052932,61.52.37.71,952,VT
1697408873,139.155.216.193,778,ME
1593792355,164.118.239.222,401,CT
1726058412,145.75.250.20,980,CA
951937433,44.49.100.151,271,PA
955990531,202.225.148.3,496,NJ
1598613129,254.250.245.4,588,TX
1626823855,254.241.49.84,963,PA
1749926222,102.122.64.119,361,NY
842752456,7.61.97.56,659,PA
1845745176,252.177.118.22,135,CT
1215370101,5.134.19.208,395,TX
690910078,20.106.165.110,793,FL
1812238335,100.235.61.36,884,NY
648508748,107.133.103.225,245,CO
1220448873,130.177.234.90,340,ME
1194028112,52.101.60.201,795,NJ
1440957291,182.117.113.129,101,TX
1459430740,12.133.189.108,249,CT
1205478104,173.42.190.215,22,FL
1318983138,12.24.247.31,227,PA
1048218133,194.117.164.72,970,NJ
1897706745,170.98.2.98,838,CO
901022526,183.148.216.143,406,TX
1967136590,124.188.91.50,639,NJ
1788965828,166.5.67.117,338,PA
2040635432,64.34.28.133,430,NY
747661729,27.223.204.215,65,NJ
1281350357,245.43.155.158,837,PA
1872479205,26.86.137.187,466,CA
1285474802,151.17.132.36,727,FL
1363400998,169.120.245.9,403,PA
1113916631,176.118.156.173,755,VT
1721133578,5.164.66.184,155,TX
1773186901,177.220.39.4,222,ME
1130631447,99.26.15.119,898,CT
726743697,51.160.31.184,614,CT
720665254,168.42.106.184,284,CA
973497548,207.74.99.23,283,TX
667389731,17.39.68.226,325,NY
1582569243,58.70.83.145,777,CO
637475974,170.212.54.250,164,VT
1062110025,159.22.170.198,840,PA
1195947538,121.173.169.126,225,FL
754342296,104.212.99.80,776,NJ
1636815983,6.239.23.210,437,NJ
1929740289,114.20.223.86,887,CO
688727560,103.58.210.41,738,NY
2087659849,65.169.154.130,614,ME
758221000,183.16.235.207,80,NJ
1506092999,235.15.52.33,864,ME
1328086958,19.126.71.134,678,NY
822355314,218.124.94.17,970,CT
1473398423,0.40.91.54,506,CA
1567830329,96.185.12.209,784,CT
1028723769,132.162.124.205,470,TX
1973591735,62.12.189.56,347,CA
752636611,194.32.126.44,990,CO
711200331,26.157.26.137,409,PA
1973903916,252.168.68.174,790,FL
1241114772,15.253.71.143,697,VT
765726978,52.124.138.240,971,ME
908059858,54.248.10.124,235,FL
1315675224,174.52.97.112,955,NJ
1509476278,192.216.128.217,30,CT
888847062,230.183.205.222,599,CT
1914658445,144.230.35.167,883,ME
870569573,132.200.254.4,643,ME
2063938897,119.7.156.130,79,CA
1093987787,110.58.143.36,128,CT
1785123124,178.80.247.185,8,FL
1036779202,70.221.236.87,515,ME
1064232424,77.207.59.137,238,ME
942247643,250.171.75.240,184,PA
1179574812,114.101.152.212,345,FL
1995882457,200.2.27.251,236,CT
1104067616,99.253.169.212,398,TX
797594878,169.122.170.28,647,FL
1213293195,101.202.128.114,526,FL
1148764586,25.197.104.32,923,ME
1204447500,10.141.18.87,768,PA
2079177246,150.94.34.90,585,FL
1080321259,3.74.221.136,525,NY
1933601855,112.34.158.68,499,PA
944088875,101.102.67.86,886,ME
1458541638,163.87.116.229,324,NY
1762904315,225.250.94.218,485,FL
1980960793,189.104.133.56,48,NY
1110636907,167.43.129.143,210,TX
1322289120,226.235.57.247,783,PA
1669058521,16.26.152.154,512,CA
996699371,138.85.160.43,652,TX
1324163165,118.155.149.111,374,TX
1063471541,37.55.231.9,297,CA
996187407,75.33.27.178,648,NY
1101141476,69.9.220.39,230,FL
1067831543,109.26.180.209,754,NY
808233562,146.212.136.69,615,CO
2084713283,72.192.251.52,22,FL
859245996,225.82.199.67,620,FL
790975258,62.105.162.20,684,CT
1224467534,48.249.254.159,556,NY
2088316997,141.24.6.75,643,ME
1805746988,129.121.185.162,210,CA
1599604861,137.248.173.129,965,CT
1793609064,111.6.85.96,941,NY
1695696540,199.119.241.59,643,NJ
1258814180,7.12.180.66,670,CA
1738572060,195.125.195.11,101,ME
1877249070,65.4.85.221,704,FL
1129453133,118.27.246.26,709,ME
721314479,111.226.217.54,952,CO
1212770871,134.122.60.160,125,CT
1300393865,76.72.22.87,184,CA
1372032334,150.188.103.120,294,TX
858643205,22.100.246.70,736,CA
1804125261,213.64.90.113,734,CT
803808605,50.27.33.254,608,VT
1850012786,229.98.69.208,659,CO
1967664665,131.166.184.243,691,PA
1410808511,51.252.150.165,54,VT
1588947057,237.136.230.130,876,NY
1989727748,166.128.50.161,375,FL
1893004890,181.9.157.110,698,ME
1631159927,241.221.225.178,629,CT
793002392,140.237.138.125,819,NJ
1136225840,34.132.211.48,441,FL
1416030233,142.88.109.39,922,NY
1385980022,209.54.209.170,97,ME
780269251,19.75.74.183,235,TX
766730904,168.37.43.237,973,NY
1783025240,151.243.176.58,863,CO
1253943147,152.167.251.37,260,PA
1269336765,90.49.90.235,886,CA
1238666620,50.69.93.53,318,CA
1835518801,48.9.75.178,467,PA
934577383,180.202.182.150,577,VT
1549786058,73.130.90.160,723,PA
1788923125,88.129.142.82,836,TX
782244692,244.74.150.227,588,PA
641288151,152.56.9.103,441,FL
885604672,19.113.134.14,461,FL
1943726787,125.14.20.163,9,NY
1367992943,232.154.51.155,715,CT
1794503055,10.185.254.209,516,ME
1497782280,235.54.213.246,927,FL
1520022416,61.91.203.86,642,CO
781880323,215.51.1.75,716,VT
1620345039,126.121.181.83,628,NJ
1047427625,235.114.48.81,914,FL
1960389899,68.44.83.20,385,ME
1114420895,164.37.65.139,731,CO
986266088,104.194.104.129,85,CA
1226863695,119.25.159.196,341,TX
1928317251,41.63.206.30,735,FL
2068870025,44.20.150.71,703,CO
2105260191,119.16.10.18,898,PA
880654771,114.57.62.250,216,VT
948096027,163.92.221.213,272,ME
1548991720,85.219.63.90,231,ME
2052272992,54.134.1.50,414,CT
1872558418,65.189.184.102,772,CT
957354995,59.80.4.71,352,CA
1287783173,97.74.10.85,199,NJ
1976293036,60.124.142.217,289,NJ
938476241,169.234.0.161,516,CT
1658040328,246.232.231.57,495,CO
1709951449,64.221.8.149,763,ME
1252477535,108.182.170.76,325,FL
819114731,138.237.204.221,659,ME
814927750,34.24.239.161,305,CO
1564239245,200.72.151.42,846,ME
1493740598,69.70.45.202,12,CT
1935909898,106.150.112.161,646,NJ
1873600450,114.155.40.223,500,ME
1555760712,153.48.196.126,972,NY
714997976,231.121.236.93,798,FL
1019566315,206.177.236.195,32,CO
1418645605,85.252.254.72,904,PA
1303165118,119.92.128.33,992,NJ
764282543,253.137.249.67,21,TX
673335165,188.139.62.103,310,CO
857786597,103.4.181.19,977,FL
1045871091,179.123.98.170,184,TX
1750748051,137.31.34.163,82,CA
837422395,174.102.72.21,862,CO
1267326444,132.4.51.116,425,NJ
639997180,79.244.158.250,451,CO
1006223729,184.238.71.19,176,TX
2055521970,231.38.6.93,551,CA
1136163422,160.103.19.65,556,ME
1634379394,190.249.203.157,191,VT
1154156358,98.171.178.153,511,CA
1615860005,58.183.42.102,149,FL
1919497946,88.53.140.171,688,ME
1212319714,202.139.1.21,219,NJ
651557536,94.210.253.235,882,VT
1208816535,90.130.34.185,837,PA
1782349037,134.93.89.121,174,VT
2027376405,190.137.78.102,825,NJ
719415015,49.96.182.254,292,CT
1751344317,152.194.203.86,742,CT
667681504,10.236.106.228,874,NJ
2076243128,28.244.57.204,559,VT
1705694911,46.223.162.240,429,CO
2065667761,168.136.24.214,528,CT
787636053,112.37.216.168,266,CO
1571887334,75.72.151.117,804,FL
1385391619,7.201.63.108,973,ME
1972173437,25.112.165.124,105,NJ
1685773772,28.116.89.219,208,NJ
1705216643,130.140.66.194,196,NJ
1213091921,12.222.6.185,649,ME
852858556,166.86.169.36,603,PA
1885065341,48.19.116.164,138,FL
664950882,70.237.165.113,44,ME
1602795641,154.68.142.157,899,FL
1767471083,36.203.54.113,21,PA
1374051472,23.60.115.125,787,ME
1641914587,53.79.108.151,255,CT
871553926,92.158.221.147,864,CT
1086197710,32.117.186.254,994,CT
1289104472,57.182.176.172,107,CT
722893103,188.180.48.78,77,VT
740157525,70.57.169.31,791,VT
1554904246,203.66.199.102,525,CA
1537006293,26.137.3.229,768,PA
2106245205,101.73.161.167,740,FL
2053750322,216.79.115.138,538,NY
1513322442,196.142.119.197,979,FL
2080288342,216.149.3.173,260,FL
1331848296,173.144.198.12,526,NY
1412066816,79.52.46.20,634,PA
817364733,193.133.11.246,627,CT
1338228639,117.249.148.186,635,CT
1069094251,199.123.211.187,24,VT
1159490770,244.76.71.98,439,CT
957705152,46.189.179.107,35,CT
873675382,221.111.159.194,313,PA
1311019602,41.68.180.100,579,TX
726052266,213.128.72.143,737,CO
1840961528,26.19.133.93,438,PA
963865775,138.237.15.5,835,CT
1012658231,32.181.199.184,869,NJ
955281987,101.24.19.211,977,NY
717122227,3.128.121.98,12,CT
1173746805,181.163.216.134,457,VT
1795302328,101.121.138.25,289,CT
942913463,40.174.4.170,728,PA
1014060806,156.176.130.97,943,CO
1834769838,159.68.244.197,34,CA
1864570195,79.91.223.18,390,NY
1696131944,46.175.252.38,354,FL
1641457457,107.58.44.51,628,ME
1948107008,55.130.142.125,289,TX
1635699521,104.182.117.235,366,PA
1508696403,7.28.85.185,239,PA
1176918716,254.64.157.27,706,NY
1407361861,199.68.2.202,874,CA
1663133518,39.54.130.24,51,VT
1844067197,216.31.170.108,321,CO
1478112892,114.101.49.115,439,ME
974217496,174.15.34.146,204,TX
937853547,25.246.5.75,710,CO
860560692,88.10.43.167,723,PA
744625586,135.9.16.15,662,NY
1871402427,119.209.124.104,348,CO
1677366196,75.201.208.139,165,NY
1566683692,96.62.67.141,288,NJ
877978734,192.138.88.48,890,NJ
886695136,152.238.32.233,596,CA
1354473915,230.25.197.15,116,VT
1346265405,165.49.148.248,568,CT
1363471643,94.130.217.69,729,CA
1639848125,241.38.205.28,607,FL
809728306,88.129.154.123,666,FL
1912837773,78.170.2.90,120,NY
1781768264,193.243.125.105,957,NY
1225678930,162.170.127.34,758,CT
922504845,148.5.116.166,289,CA
742848975,224.151.6.156,642,CT
1264102531,51.9.17.246,127,TX
1078020264,31.201.91.237,619,NJ
1836967323,187.8.57.121,10,PA
1213577923,87.0.23.225,211,CA
1147099434,104.201.101.0,450,CA
1821019270,139.198.182.1,623,ME
816192087,96.56.160.187,666,ME
1045464621,14.79.231.143,24,VT
1124889375,195.21.203.148,57,NY
857375498,120.157.135.225,517,NJ
1608186995,182.16.8.110,511,CT
827502127,228.52.67.29,903,NJ
1115616128,236.1.79.112,976,FL
1221203743,25.125.115.154,108,NJ
909193378,2.105.227.27,317,FL
985659630,4.22.145.245,329,TX
1590884537,116.243.114.251,185,ME
1353014968,112.238.244.198,215,VT
1119130067,135.54.221.149,751,NY
2015774650,207.9.233.162,87,ME
1880647959,133.1.18.4,402,ME
1001130495,72.176.237.32,474,CT
2086859180,58.85.116.254,6,CT
1870262248,35.245.244.125,693,CO
769815405,11.212.183.31,861,CT
1723945864,114.98.245.165,584,TX
960375543,203.130.230.116,249,CO
1399284711,208.247.66.228,163,NJ
1188642877,79.12.228.168,863,PA
1526789662,112.240.118.213,365,FL
941011983,6.131.69.121,391,ME
1393795954,220.76.172.121,569,CT
722202405,205.209.40.190,976,CA
1857170904,59.221.174.134,300,NY
1857140079,1.36.48.211,216,CO
1766265359,169.130.71.28,594,NY
1897714601,212.152.82.125,393,FL
1130335781,218.177.156.24,960,CT
1507469965,27.187.74.43,89,CT
1808617905,102.1.47.31,178,TX
1286059691,231.17.191.249,722,CA
2036256115,117.209.59.168,185,CO
682719835,199.44.187.196,417,CA
756733428,0.94.187.109,92,CA
1688468308,138.19.251.82,806,NJ
1458433720,46.4.234.145,425,FL
1493234333,0.2.160.7,789,NY
2106728967,172.136.125.21,801,FL
1392464580,205.69.64.2,942,TX
1666473506,87.153.70.40,459,NJ
1621506447,213.236.197.103,908,NJ
1372269094,213.203.152.149,931,PA
1778250326,202.92.83.202,825,NJ
1677676153,29.117.158.105,977,VT
1998190723,167.150.131.123,558,CO
1877134312,163.180.15.139,131,TX
1291873772,123.243.29.46,330,CA
1710740310,181.25.124.170,649,NJ
1167960421,44.19.247.230,306,FL
2055150860,247.223.8.148,190,CA
1190740021,246.172.184.238,473,TX
920307205,1.230.222.120,215,CT
939444642,48.61.130.21,384,PA
772579752,44.152.47.54,939,FL
1960943451,190.239.221.29,647,CO
1434509475,213.211.88.39,441,NY
1892170553,204.49.65.135,46,TX
1597096041,213.77.19.65,181,CO
951901374,122.5.89.162,973,CT
1784414106,249.221.103.119,82,TX
1159450452,200.0.227.115,684,FL
1976383035,62.139.81.89,380,ME
1983713287,101.100.103.57,243,VT
1877486726,189.221.253.206,877,ME
1940204977,53.21.203.142,674,CA
1546337713,20.97.143.109,696,CT
1755892772,55.3.99.231,593,VT
871720951,212.253.170.164,710,VT
1055558388,0.139.171.122,978,CA
856420153,9.27.69.51,128,FL
975114798,41.154.254.159,687,TX
1771621413,249.23.189.134,967,CA
1741543589,212.150.54.30,607,TX
1818626848,30.177.183.64,855,FL
1000020185,169.60.17.50,214,TX
1869492571,174.59.143.55,42,FL
1859334424,48.174.49.93,489,CT
2083039418,91.89.202.160,685,ME
992014844,232.107.187.47,250,FL
899707802,11.123.69.139,899,FL
1863965383,100.17.40.104,28,PA
2099525247,46.254.240.75,804,FL
1214101502,188.154.191.229,345,ME
1729796919,152.176.11.158,954,FL
971011145,31.180.20.126,390,CT
1835181875,45.172.219.35,903,CT
1043021760,114.206.52.210,1,TX
999176370,9.58.167.53,780,CT
809118951,143.212.168.138,513,CA
1525867717,215.63.192.1,215,NY
817721442,64.211.175.180,177,CO
2111279751,48.177.123.236,463,FL
760192842,174.231.150.71,773,TX
1636209924,5.2.245.67,765,VT
2056785155,74.31.73.174,312,CA
1632676946,243.178.230.128,474,CT
732547306,63.100.156.103,544,NJ
926351206,166.204.18.52,624,ME
1968465465,26.180.191.65,501,PA
1899879217,176.226.232.211,277,PA
2080184585,161.67.223.134,28,FL
1202816697,193.124.22.81,157,CA
1377196178,154.28.99.139,175,PA
1973880023,100.0.25.9,783,CO
2030368632,13.67.241.209,760,ME
1027911514,163.9.213.133,831,CO
706532763,110.113.177.167,357,NY
1210581314,232.184.158.247,920,FL
759349308,34.68.164.237,424,ME
977223902,29.33.59.239,347,CO
921409356,134.7.48.150,340,NY
1508868403,102.61.206.82,222,VT
1161996904,105.125.134.44,374,NJ
958295864,244.18.75.198,463,FL
2019642906,194.82.245.79,167,FL
1642359358,27.50.50.163,916,ME
871835902,38.154.45.252,305,PA
839446274,253.68.149.80,800,CO
1105712644,132.154.199.254,665,CO
1524437662,102.93.191.246,280,VT
940554353,131.203.163.182,460,TX
729693329,197.159.138.190,610,CT
1272441756,62.245.32.180,455,ME
1708782235,131.64.129.27,987,CO
1431431091,133.59.115.202,680,ME
1545792760,119.39.33.177,36,NY
1008698611,175.116.95.29,519,FL
1617217609,176.175.212.239,578,ME
1436629504,242.180.157.148,519,CA
1162693466,146.216.185.168,676,NY
1733958906,120.239.217.130,10,CT
1466520761,42.177.163.31,31,TX
1480628456,142.223.233.170,941,NJ
1207339549,63.155.36.232,333,NY
907908534,1.135.148.69,153,FL
1379761784,13.69.214.210,985,CO
694286107,149.54.55.82,336,NY
1659537827,170.200.14.59,730,ME
1969863818,118.233.82.30,345,VT
828987284,48.149.42.56,475,FL
974899562,88.21.91.199,269,FL
1458893902,245.55.149.253,909,FL
1108711583,48.44.105.100,254,TX
1094734512,165.31.147.133,850,FL
943346144,40.38.28.167,548,NY
1996157679,205.6.145.146,830,CO
852889436,196.169.206.166,667,NY
1781486913,81.15.243.168,288,NJ
1950405950,67.102.121.28,677,NJ
2093233087,88.0.166.96,816,TX
901178706,22.198.161.118,212,CT
1290283230,147.223.226.79,473,TX
1057989196,115.101.167.43,821,ME
1907697920,113.88.56.35,663,PA
723446092,89.84.253.70,858,FL
1790114958,49.233.73.117,737,FL
800538400,202.19.38.216,557,NY
1271033015,141.226.152.204,809,TX
2023305325,137.217.17.107,392,TX
1038949619,157.22.87.175,847,CO
1781271905,238.163.55.171,128,FL
1523575958,10.109.236.242,813,CO
1838787466,155.239.35.78,502,PA
1215977739,240.129.33.39,908,CA
2040495762,199.131.111.188,912,NY
1124199534,112.197.22.53,468,TX
2077855058,37.89.196.117,278,ME
2057826277,248.240.236.10,897,ME
1887894167,243.173.185.80,902,PA
991623010,194.147.63.131,49,ME
772008839,121.98.183.166,342,CA
2112860712,221.37.193.85,457,VT
2109599449,195.161.222.214,178,CO
1828440077,5.140.230.33,925,CT
1968409966,34.184.114.67,945,VT
1444183813,140.107.211.166,723,ME
1987719667,222.166.157.74,396,FL
2044080467,22.63.89.98,172,VT
990951309,23.141.185.13,84,TX
982272170,52.132.71.19,720,CT
1635584050,184.219.65.16,248,CT
1516987199,93.223.193.14,959,ME
698850593,109.52.183.114,975,FL
1637454250,217.123.232.158,750,TX
1772222951,120.135.95.223,736,CA
1598021489,148.24.218.248,801,PA
768774197,148.17.211.13,946,CO
1617199551,171.198.92.3,64,CT
955132998,144.50.39.82,470,ME
1267735246,85.181.3.162,31,ME
900647808,232.37.40.27,90,CT
1236474736,190.92.223.15,70,CO
1800227188,59.87.161.17,873,CA
801574088,171.157.184.149,639,CO
1044782661,162.123.165.137,437,TX
1487580245,93.199.125.250,28,NY
1379812617,65.236.29.173,275,ME
830511164,203.87.2.98,892,NJ
2047066829,181.221.64.22,810,ME
2052722028,161.154.179.122,565,TX
1746787001,229.87.14.92,699,CA
987416910,190.18.170.136,675,FL
697274255,134.79.96.82,840,NY
1799224308,3.107.211.170,681,NJ
983121691,91.235.139.122,272,PA
1787653507,25.243.88.176,883,CT
2018684196,85.34.46.86,226,FL
1751990640,215.182.132.120,368,CT
800565521,125.77.29.223,735,NJ
1697523164,193.169.226.178,727,FL
1098181007,169.243.208.184,414,FL
1014244029,250.103.134.211,973,CO
1287783932,127.179.37.124,164,NY
1030889553,188.123.57.236,16,CO
968356999,164.59.10.222,811,CT
1538203053,19.206.16.176,83,NJ
1228807740,193.117.57.56,944,PA
634302124,91.167.33.130,233,VT
1631081222,131.199.45.10,51,PA
1901696610,43.245.110.50,788,CT
1133444131,58.15.78.110,829,FL
1946306877,49.176.56.123,649,NY
1377311678,17.0.89.217,348,PA
742054181,25.115.179.237,139,FL
1404798994,33.18.221.31,45,ME
1994068353,183.129.47.235,261,ME
1778897119,211.125.251.174,104,NY
652097251,247.124.202.177,532,CO
1394187913,16.178.162.110,619,PA
1580679819,106.169.206.196,460,FL
2029948321,252.149.116.60,426,NJ
1882364105,166.114.39.53,691,NJ
1437015445,63.143.33.149,479,CO
1855719575,77.246.214.196,359,TX
1622154036,3.180.198.24,867,CO
1530563128,148.190.231.30,762,CA
956770627,177.126.68.61,12,CA
958413103,183.116.119.207,354,ME
813384620,66.236.26.19,267,VT
876134654,242.32.227.78,212,VT
647640718,8.92.57.165,616,CT
1659349736,177.123.51.96,11,TX
1848100713,103.60.44.55,537,CO
1539064599,134.254.38.202,788,FL
739669244,157.39.82.119,231,ME
679265870,150.14.229.10,978,NY
1700743183,81.190.75.52,361,CA
858418044,82.221.185.63,414,VT
1758253407,123.63.21.53,894,TX
1330019574,42.37.86.101,610,ME
761132013,8.173.123.134,272,VT
1632592555,113.159.16.161,853,FL
709343555,47.41.72.115,454,NJ
1107056643,78.33.166.93,335,CT
1129448881,175.55.81.129,907,PA
1372012745,105.40.161.39,927,CA
1527857130,200.157.55.7,115,VT
1214094304,143.137.100.221,709,NJ
928144647,141.70.190.25,807,CO
1233843383,40.136.123.159,55,ME
1168517180,96.23.121.157,686,FL
1315272003,135.205.133.205,537,NJ
2000063193,229.78.54.8,116,FL
1334965820,133.250.97.107,873,NY
2080559735,56.126.17.199,623,VT
1285705397,156.26.191.97,634,CO
662953643,126.250.168.157,406,VT
1121413530,45.138.166.51,223,CT
1602749198,16.100.160.103,698,CO
1369566680,152.133.87.254,553,PA
1248334392,11.152.35.209,72,NY
702374692,119.249.57.247,317,NY
1310920569,40.137.65.186,196,VT
2063916222,44.192.166.28,881,CT
1827012411,18.122.164.44,143,FL
1463787962,70.124.239.34,722,CO
1189378304,236.188.221.246,863,FL
1291513356,161.166.148.213,671,CA
1237501105,3.240.46.105,334,ME
710134603,48.142.71.43,563,TX
1568104852,139.114.196.223,55,CO
963335805,235.1.102.227,623,TX
1954760661,234.121.146.131,323,CT
632294059,230.115.120.20,788,NJ
1455662791,149.204.62.65,446,CT
1768114980,231.127.83.92,878,NJ
1939933373,44.165.102.151,281,TX
1301564735,216.10.245.125,338,CO
1435435252,104.68.17.206,972,TX
1762261507,180.159.34.134,261,NY
1476988531,138.176.252.47,768,CO
667207960,54.130.115.187,249,VT
1081098517,97.219.212.140,187,ME
803337830,136.142.33.112,554,CO
939396644,82.127.150.73,945,CA
1909205822,133.189.75.90,358,PA
673147995,48.135.125.65,632,FL
1009117151,110.48.56.138,681,ME
1538792535,164.246.187.253,590,PA
1925699151,19.133.85.114,451,NY
1371387742,65.89.27.99,809,PA
1655735821,221.198.230.14,455,VT
1803400945,12.23.119.53,754,PA
875212645,11.58.254.122,703,TX
690045122,213.227.59.195,26,FL
1476804318,212.54.121.187,931,PA
1546776155,5.196.122.172,236,CA
1240596124,94.241.60.107,549,ME
1490755735,214.28.226.140,857,FL
1436933198,191.24.142.44,872,CA
1846379407,102.115.23.18,136,PA
836761166,73.59.237.229,864,CA
1492252683,20.160.39.25,461,TX
1090380805,50.203.14.125,495,CA
1162987242,177.199.11.150,462,VT
808432380,6.138.241.222,360,FL
1572977620,130.209.194.127,615,TX
1985993824,133.33.202.91,374,NJ
1535977136,34.22.161.11,989,ME
676311393,29.59.131.80,275,TX
959639532,95.230.199.148,968,CA
1965890891,44.56.163.202,398,FL
907358223,236.249.158.62,23,NJ
2004722656,39.190.135.184,515,TX
1857166311,185.55.212.151,944,TX
1856309273,162.54.202.102,761,VT
1681436092,154.43.10.106,870,VT
1451809240,195.212.130.105,371,CT
1447086987,32.159.251.176,109,PA
1901940447,120.212.38.27,683,TX
657581498,123.6.141.102,366,CO
1461233504,5.13.111.13,211,PA
1368582085,10.53.248.82,124,CT
1438587089,54.149.71.124,633,TX
1899004714,219.12.244.86,766,TX
1413729772,176.189.110.137,533,PA
1801352704,46.100.24.232,83,TX
1215526037,157.188.165.9,295,CO
1470641449,28.105.26.4,398,PA
1299625676,5.8.102.171,536,ME
1899967184,185.171.248.22,380,CT
1233300516,251.141.40.23,393,CT
1699706203,39.0.42.92,74,FL
1574333537,207.17.76.248,635,NJ
1479078992,154.14.185.177,636,PA
1023492896,102.246.37.250,824,CO
2013595418,153.79.5.218,406,ME
905488161,216.143.33.64,293,CT
1425242930,10.171.57.32,230,NY
1191375196,79.135.138.107,103,ME
718759948,232.251.230.249,211,CO
1421342460,94.40.34.132,147,ME
970352078,196.145.0.16,157,NY
1899069330,15.222.225.22,294,FL
1096109011,25.91.226.94,127,ME
924693746,198.59.14.165,75,TX
1478471036,196.218.232.107,118,NJ
1665658156,104.36.123.158,487,ME
1373218599,174.117.114.149,584,CO
1054136723,2.169.247.184,841,TX
1875267163,170.119.182.137,127,CT
1404470887,72.184.2.69,70,CT
1858298222,130.56.156.30,8,NY
1345270896,82.107.234.30,149,CA
793011640,217.53.254.43,141,CO
1743679940,99.184.20.98,522,CA
1784249795,137.23.191.197,632,CA
2038573897,97.235.10.100,695,CO
776100913,53.61.89.2,385,FL
1616149768,76.54.92.91,727,CO
1940672874,139.198.163.55,531,ME
1185391108,39.197.250.121,160,NJ
788610992,183.197.178.155,504,CA
1128871273,145.55.38.73,115,NY
2059852498,234.36.102.79,417,NJ
1246191584,114.62.131.165,333,PA
1645321190,133.194.156.51,503,VT
1038233122,10.0.97.53,613,NY
1000897858,9.26.131.126,399,CA
1640666796,209.69.50.233,303,CA
2017996806,231.74.143.212,67,PA
1306073181,173.253.92.145,619,PA
1517343631,27.180.29.159,396,CT
1681819608,138.13.36.177,574,CT
990384772,12.144.0.62,619,FL
1759654953,30.205.45.146,549,CT
714907865,31.188.6.167,241,NY
1366710775,190.86.211.171,741,CA
1551059232,202.21.182.7,199,CO
1629596349,85.146.116.20,178,VT
1939256453,135.75.161.33,193,NY
698744437,102.183.107.68,174,NY
1252806080,181.35.224.83,305,VT
1002159419,150.174.88.220,615,PA
1414739901,6.225.150.195,698,NJ
1907836519,112.130.193.6,322,PA
698015256,101.176.156.0,680,PA
1429419514,251.77.50.100,792,NY
916504608,155.252.116.232,949,CO
2035967375,104.165.162.37,661,CO
1444695534,147.122.203.67,447,VT
2005259977,88.160.213.29,489,FL
893929389,227.50.217.178,642,VT
961825265,0.76.122.80,830,CO
1094855183,224.62.136.39,973,CA
740414462,188.176.69.182,356,TX
814076462,166.9.206.216,378,ME
1223431575,95.7.25.204,470,VT
1122406882,181.132.30.78,121,PA
1101087897,253.186.182.65,269,TX
1292321358,114.10.66.92,33,FL
1618227831,90.215.112.35,345,NY
1770369452,143.129.204.54,584,PA
752327814,139.243.202.113,810,NJ
1038459857,201.45.227.53,283,NJ
1295930708,97.90.199.102,310,FL
1552118482,245.12.164.251,310,FL
1172557794,220.19.67.140,72,CT
1888501492,39.137.99.199,688,CT
1749853600,198.162.128.140,26,NY
1257876212,38.102.9.113,914,FL
915586566,179.72.161.5,842,TX
840926762,12.124.197.29,258,FL
1373957703,71.9.157.23,598,CO
1906181184,133.42.143.241,54,NY
1784621235,63.143.121.116,662,CT
754758707,62.147.101.204,51,CA
1903391701,44.182.68.140,477,TX
1831467496,12.2.206.40,46,ME
1988505583,55.22.177.168,441,VT
1526407460,152.111.73.62,370,VT
1995697426,89.32.105.68,651,PA
2006700002,27.159.200.233,39,CA
2034016877,107.210.66.24,652,ME
867898370,123.153.158.37,618,VT
1764260055,173.56.108.215,188,FL
1408785297,136.36.230.195,142,NY
1562043878,31.9.250.160,447,NJ
1010811402,181.92.212.138,200,NJ
2062213340,242.85.34.230,626,PA
997884009,253.111.120.5,277,FL
2070594537,197.176.164.81,695,ME
1794775268,250.239.234.177,121,TX
1050752185,113.15.135.67,630,VT
982901827,109.117.204.27,462,FL
983423982,112.37.61.130,290,NJ
1654610298,241.231.164.49,922,CT
2054325762,1.182.235.233,10,PA
1472939775,123.250.220.243,117,CA
715038326,217.180.198.70,335,NY
1924185400,23.245.126.102,447,CO
760646908,97.207.254.72,632,VT
1171249136,217.125.221.203,830,ME
676632067,190.234.75.221,942,FL
1993859933,64.73.99.59,44,FL
1704916537,136.93.23.182,141,PA
1151340081,25.189.230.58,521,CA
1070944965,136.247.133.240,987,ME
893348200,129.25.126.97,781,NJ
745921037,99.71.19.80,880,CT
994282874,145.80.26.220,103,CO
1970860430,193.16.210.122,89,FL
995305722,247.254.75.186,996,VT
775952698,227.227.234.75,835,ME
717664166,31.57.130.179,236,FL
1376101498,215.107.110.250,633,VT
1607829371,220.102.192.68,182,CA
1241119772,221.214.40.96,17,ME
684298580,119.169.57.104,726,CO
1282565398,134.72.86.12,631,VT
1958380611,185.128.215.244,61,NJ
1610808118,0.142.178.233,934,CA
986445152,74.33.248.170,437,VT
1862705101,101.125.169.140,853,CT
1176871913,143.9.144.191,944,VT
1654014612,27.155.32.72,123,CA
1987642312,232.30.106.160,30,CA
1152651636,176.123.94.118,66,PA
1488951283,118.40.89.189,784,PA
812125718,16.6.93.180,727,CT
1543405840,191.102.217.6,705,CA
1420950280,126.112.117.202,455,NJ
1950023282,156.180.44.129,985,FL
939665472,43.214.90.109,346,FL
1671020652,145.90.156.85,617,NJ
2105382008,166.156.94.149,625,NY
1625145065,8.66.145.138,823,VT
1493251619,187.214.158.209,102,FL
819732728,177.20.71.45,435,NJ
1340696618,67.213.20.167,856,TX
825966587,159.204.32.47,462,CA
1935789365,83.53.135.18,774,PA
1010135370,73.244.139.157,217,NJ
1342389370,45.122.186.20,96,VT
747090518,170.251.89.182,148,CO
1569307398,11.251.122.219,712,TX
943843489,107.181.186.8,58,ME
1006169113,203.28.215.137,805,TX
1870777284,184.140.216.161,270,TX
984617792,222.90.8.242,154,VT
1170975912,244.36.26.235,102,TX
1303725590,28.186.235.61,472,NJ
1191151347,29.183.78.99,172,NY
1790535658,9.209.241.149,428,CA
1013456581,36.85.95.83,441,CA
1333722167,154.201.161.242,36,CT
912378735,95.228.7.193,940,FL
1682549911,230.47.121.149,127,TX
863423827,146.94.224.160,872,VT
976330630,73.79.210.144,553,NJ
770133065,195.124.46.230,23,CT
1637273707,120.106.49.29,697,TX
1710065088,107.182.227.4,315,CT
1031259931,52.137.134.134,183,TX
1246726636,210.57.10.156,676,ME
1478981604,136.202.174.164,35,CT
909093646,64.216.242.227,866,PA
1273734803,167.126.63.53,365,ME
1850230624,132.195.26.166,665,CO
1962214218,99.22.172.71,189,VT
1686652919,168.106.22.189,373,NY
2033974734,145.114.196.16,649,NY
1453934698,55.105.68.79,102,TX
684849440,139.185.7.109,889,NJ
1243276837,6.161.59.112,223,NY
1767875424,20.100.145.158,51,ME
1529069921,188.112.175.124,26,CA
1367543079,83.65.248.198,44,PA
1715762033,147.96.143.216,371,NY
1567671393,40.28.125.249,879,FL
1811254650,207.52.235.208,869,VT
1048559516,30.53.62.26,913,PA
1946456442,147.17.84.163,641,ME
1684065243,121.180.246.25,81,PA
704531229,214.234.42.172,577,PA
2065227166,228.169.231.9,348,CT
1743198618,193.226.160.227,740,ME
1607010189,144.66.38.158,304,NY
1783899936,168.218.216.220,260,CT
1824648066,244.30.24.224,419,CA
1199105771,240.82.118.245,809,ME
1009956275,87.135.188.254,922,PA
1450249551,239.22.195.41,788,CA
1125041706,113.191.120.135,342,NY
1937343201,175.60.225.148,344,VT
1346507105,148.143.30.221,48,ME
726015020,143.186.65.77,584,CT
685610732,195.124.233.150,237,CT
1959206999,1.93.218.201,871,CO
1249573992,171.163.180.173,871,CA
2017108129,140.34.99.200,143,ME
1301452472,162.52.59.180,327,PA
962932808,16.152.133.245,497,NJ
2103602499,195.209.18.20,35,CO
1585046967,123.248.16.155,70,NJ
1187701012,203.240.143.140,222,CT
1829203953,95.148.133.154,47,NJ
1360212223,174.244.227.189,457,FL
1092497546,15.196.101.68,761,ME
1769120337,168.38.12.200,361,CT
1060130468,197.252.45.144,719,CT
1537207804,197.76.117.239,862,NJ
1545285929,240.18.199.11,641,VT
1465491286,144.95.44.124,235,NJ
1256770111,242.7.108.58,456,FL
1162212080,93.210.141.37,397,CO
1857375821,207.142.170.82,689,ME
1505893044,235.0.149.117,246,PA
1690848203,29.149.52.228,570,PA
1050838966,84.93.184.187,473,CT
643492201,242.252.119.115,80,CO
1350741500,109.61.2.24,642,FL
1646807421,60.37.13.172,320,NJ
699125224,49.98.212.135,640,CT
918550815,30.78.98.225,965,CT
1460273686,197.229.157.77,35,ME
1351264999,17.171.32.205,422,VT
1292112857,16.226.200.136,753,ME
1301506103,237.60.230.88,860,TX
1896527044,124.192.220.183,453,CT
1846086153,112.229.9.39,755,NJ
1616183487,124.228.97.7,490,ME
664300973,58.18.173.17,292,VT
690315697,135.239.202.195,602,TX
1899111191,195.15.72.122,199,VT
867373478,43.252.162.159,553,PA
2066316474,14.9.88.186,407,CA
2048744140,17.236.84.167,85,TX
1504329177,243.246.46.239,381,NY
1344073965,104.60.54.140,989,CA
1499149393,195.108.7.22,34,ME
1977321740,210.110.162.29,739,FL
1078459729,10.234.10.224,303,FL
2076884099,203.13.45.154,155,CA
910547417,21.183.206.113,481,CT
789279460,235.162.240.230,938,ME
1937527356,236.167.203.222,154,NJ
1977085041,106.202.80.54,358,TX
1554016648,41.55.216.47,321,CT
1040916620,101.39.195.223,332,FL
1260184434,221.195.13.157,716,CA
1730018401,158.60.56.251,197,CA
1820297788,253.29.74.118,290,NJ
879723526,114.41.11.137,191,NJ
2050179740,84.192.182.53,505,NY
1110348592,48.199.120.146,481,CO
1921978344,70.246.243.195,949,TX
1496985261,65.23.175.150,561,NY
1771695455,123.57.85.214,924,CA
946579178,223.72.48.249,515,VT
1697136356,63.222.187.58,730,CT
2068430598,241.173.7.38,167,NJ
714841357,61.225.217.127,615,TX
1003719561,88.201.145.234,752,VT
1595753550,9.26.124.155,684,CT
1147417551,114.14.101.200,987,CO
929113656,124.65.157.230,734,CT
884822527,213.160.230.192,815,VT
2043729618,16.25.27.20,383,NJ
1874463986,121.93.242.55,357,TX
1240234645,201.110.147.83,254,ME
1928011003,196.109.143.72,604,VT
1351066329,36.227.39.161,167,ME
1453332570,102.167.213.26,487,NJ
1106369748,162.154.251.54,752,VT
1801332708,13.139.196.124,466,CO
1051221951,82.94.25.117,986,CO
1643578571,124.192.11.119,490,FL
783205637,198.9.86.35,86,CO
1108909370,182.247.188.97,364,PA
1783461784,112.72.221.91,97,ME
1541385327,116.127.88.162,834,TX
1684041597,76.9.163.211,414,TX
809856438,184.176.147.143,684,NJ
1863044708,141.94.137.128,857,TX
2048771142,190.136.239.134,979,FL
1054460001,16.64.10.70,441,TX
2011827598,66.68.70.139,779,CA
1337471869,194.147.174.62,917,VT
1684891140,11.6.96.204,70,CO
2006203108,4.100.181.44,577,ME
2083320365,75.24.242.159,400,NJ
1200946809,59.205.190.33,987,ME
1187087357,138.141.93.75,596,CT
709974374,238.125.145.213,466,ME
1685553361,47.234.121.32,868,ME
1207539647,215.166.197.100,352,VT
731438593,207.31.217.30,495,CT
1639951203,220.168.88.166,651,ME
1063585176,31.132.0.62,472,CO
1167277387,115.238.159.105,586,CO
674306775,199.1.9.83,948,NY
1930089808,27.218.211.222,798,CO
1251247044,131.254.94.135,74,CA
786855475,77.214.192.18,478,CO
697808189,209.196.190.75,306,CT
1389774079,82.157.221.33,745,TX
856936038,184.159.43.83,262,VT
1600766754,224.242.79.160,894,PA
1316026464,136.51.109.61,207,PA
1089492598,214.201.106.86,663,CO
1639536493,78.148.165.214,479,TX
1101971091,192.62.171.183,723,TX
1832780562,226.160.204.160,379,NJ
1493172006,101.123.101.138,817,CA
2073626331,17.137.154.89,826,NY
1754164491,124.41.94.157,293,TX
1944259393,3.70.225.162,397,ME
1016824825,213.0.130.146,579,PA
795565024,225.159.117.19,785,PA
1528265140,71.81.163.83,709,CT
