1972003471,188.139.123.181,358,CA
1402329218,137.201.181.32,203,ME
986183115,142.173.11.245,424,FL
1803371295,35.192.124.20,985,NY
1500054452,241.80.183.177,203,NJ
1452836676,146.11.91.36,445,FL
1508202547,184.210.223.32,159,CA
1519014234,212.69.219.43,771,NJ
938935821,5.54.97.72,708,CO
693398933,43.115.16.25,932,NY
1375350990,175.51.170.98,582,NY
2056161026,167.155.216.183,513,CO
1310451976,214.214.182.120,134,CA
688458029,91.148.100.62,321,TX
2073108429,229.145.246.12,296,VT
2079101279,47.86.129.37,714,ME
1303741564,195.131.219.87,344,FL
1371302612,60.125.211.49,552,FL
1425746235,158.165.76.102,155,NJ
867078558,31.250.98.235,420,NJ
1522144092,70.248.154.225,624,FL
1017382431,51.171.69.87,27,ME
1066818852,216.84.26.199,780,NY
1766396721,103.159.86.123,981,CT
1149646628,196.104.3.33,278,FL
1720487785,133.59.224.142,832,NY
1980271879,82.32.13.198,676,CT
856824049,248.3.140.253,194,NJ
786461194,22.22.201.190,96,CT
1594121499,97.9.80.123,827,ME
1093729523,66.65.91.119,564,CO
965380567,131.145.31.97,743,CT
1032931952,77.254.60.156,94,NJ
1509381672,44.189.180.192,478,ME
1874472967,89.50.245.101,665,CT
1019702816,85.230.212.224,286,FL
1717602529,232.35.220.51,846,CT
916984092,133.21.138.66,570,PA
1505063265,138.122.9.168,923,CA
1445512528,1.220.222.171,701,CA
1731240161,107.91.1.76,80,FL
1427120769,192.212.142.200,953,CA
1618859783,198.200.237.86,188,ME
1554976179,238.228.196.95,580,VT
809023270,97.214.39.83,139,NY
1196850206,75.49.118.75,772,CA
1242662976,163.103.30.102,392,CA
965934917,122.215.135.122,1,PA
1034105980,158.237.42.84,558,FL
996301417,187.14.235.100,723,TX
1230838683,213.152.45.78,718,CO
1819567192,140.35.123.201,127,PA
1267964917,173.84.147.40,217,NJ
1196421637,105.116.205.23,992,FL
1722391894,180.229.110.199,863,CT
1898079389,117.138.150.141,295,CA
1266194016,118.195.168.247,361,PA
2078984485,237.253.34.13,556,CA
1883514248,86.12.16.201,963,TX
1360589801,242.241.222.178,788,FL
1470499423,212.115.195.115,909,TX
2007921118,228.124.102.229,4,CA
1989323382,98.86.230.45,688,ME
1487011177,146.4.17.199,708,VT
1298076708,122.24.46.103,598,CO
1049440266,221.217.120.160,232,FL
1531952004,229.97.152.214,797,FL
721575432,104.172.121.8,842,FL
762578252,23.102.100.232,728,NJ
1981110744,144.121.209.126,499,CO
877268507,146.70.183.32,891,PA
1439654361,207.128.134.136,429,NY
2081901530,8.49.81.44,240,FL
1175230141,205.98.188.33,757,VT
1147939228,76.67.193.59,737,CO
840480331,111.1.38.120,868,FL
1219193484,87.150.114.107,295,PA
686797464,218.154.55.57,952,CT
1002990504,186.87.211.170,701,CT
640431174,25.1.181.7,159,CO
1637999049,236.248.134.123,809,CA
1677050869,36.214.250.135,308,ME
678651464,196.54.179.123,33,CO
2056348869,74.189.223.163,582,TX
672549739,207.45.82.253,118,CA
864639384,233.93.40.250,548,CA
813809896,138.58.79.121,659,NY
1453399726,61.171.56.21,961,ME
1413911489,202.17.86.240,971,FL
1490361568,66.249.163.58,124,CA
1870720404,23.223.8.149,431,CO
1956509295,82.29.146.5,967,FL
663408011,174.191.36.5,165,NJ
1576175009,130.11.33.197,267,TX
1233251273,56.245.181.179,192,NJ
672383717,85.5.245.176,370,NJ
1418794064,76.101.73.217,289,CO
1452639845,129.114.171.92,549,CT
2056192570,20.231.50.237,441,VT
647846676,53.49.10.227,584,NJ
1967495120,100.188.55.86,974,TX
1078101128,151.35.228.145,555,VT
1516411684,190.182.124.161,28,NJ
1193629522,113.127.210.130,313,FL
1839175759,23.169.117.172,572,CT
834239792,60.31.227.106,738,TX
1820365480,79.106.31.251,962,VT
685775230,128.69.167.59,896,FL
1620747445,84.223.76.0,346,NJ
2086036186,170.130.201.180,212,CT
801371016,104.39.63.61,619,VT
750329640,48.228.169.46,87,FL
1723975854,237.193.179.146,426,VT
1527788335,113.3.106.230,282,VT
1844770053,236.180.27.31,403,VT
1814814475,193.254.212.231,971,TX
1769769852,71.96.141.235,156,TX
948683211,251.106.185.102,643,CT
1398003182,86.200.19.41,180,CA
1549173868,94.214.189.137,175,PA
1483774193,248.2.148.149,599,ME
1483795622,177.145.178.141,66,FL
1738514137,116.151.57.83,421,PA
1094198177,185.31.99.193,188,NY
991651500,180.58.171.13,217,TX
777076584,58.107.33.38,944,CO
1095746339,4.17.253.240,92,CO
1152725069,34.26.157.216,739,CO
1115029403,44.138.33.126,539,NY
880455198,66.178.234.103,435,NY
1137362068,101.237.80.26,528,CA
864179778,150.97.131.243,457,CA
1763535160,174.130.217.72,713,ME
834548417,223.227.187.245,347,PA
923664867,117.4.54.23,946,CO
752030554,232.145.204.246,925,CO
1917780920,64.213.182.183,316,CT
1847076553,91.191.139.186,294,CA
1049963551,244.24.146.42,935,NY
1737235713,247.53.14.140,73,TX
1357214861,97.26.46.79,360,CT
1016135963,101.61.127.216,528,CO
1265204739,158.203.63.73,210,VT
1034770591,149.12.199.111,151,NJ
1841863976,136.145.37.47,157,ME
1008468552,30.139.52.73,121,TX
1554697840,13.154.14.224,298,CT
1636276520,98.133.234.20,788,TX
1185836445,82.169.243.205,98,CT
1034398162,55.223.167.224,680,NY
1900685744,214.178.48.56,779,NJ
1566889737,219.56.73.128,320,CO
1190540967,58.234.142.48,362,TX
1892301966,64.100.62.49,948,CT
1475100847,57.81.213.90,891,CO
1426900582,162.243.185.1,319,FL
911485216,18.176.102.0,40,CT
1028846757,152.129.24.53,54,NY
1759784979,25.192.167.113,572,NY
1861117585,128.37.207.50,230,VT
2024134796,186.3.135.181,485,PA
1683741785,53.233.102.184,52,NY
1516476107,173.227.98.56,416,ME
948722090,186.112.28.12,427,CO
980873902,143.62.98.217,795,TX
1935774091,233.85.24.248,455,PA
759064162,203.218.145.50,628,NJ
1588734847,74.59.108.40,188,CA
1702750504,33.201.107.128,345,FL
1483276961,244.190.88.54,863,TX
782516537,240.70.73.139,135,VT
1820577574,60.83.155.247,835,CO
850977817,244.197.179.231,899,CO
1033190467,216.58.15.49,985,ME
923289742,0.131.216.18,152,CA
1773460494,68.127.224.79,87,NJ
672477671,83.167.206.157,35,PA
946808076,100.45.73.254,881,CO
1834275503,231.54.242.145,795,CA
922164227,107.48.147.44,324,CT
2004077283,243.238.2.39,920,TX
1064982209,112.235.78.249,600,CA
1341213661,145.96.133.24,356,FL
1522122384,31.163.25.26,228,FL
892100922,206.47.3.6,415,TX
1235397440,88.135.115.30,761,CA
1872297212,166.206.156.184,917,NY
1608673790,233.85.250.205,178,ME
798137907,115.184.249.249,417,PA
1890677044,216.22.101.199,486,NY
1846304356,75.198.97.133,354,ME
1871179031,128.237.217.114,533,CT
775660914,190.181.19.143,270,VT
1753537836,129.6.134.168,102,CO
1141357951,145.120.181.231,348,TX
1010155046,156.245.194.195,586,FL
1801522593,97.29.137.135,420,CA
1017795240,186.198.249.131,311,CA
911597243,74.86.112.140,251,CO
1376215185,245.173.56.115,626,CO
1611761218,72.160.123.231,476,NY
946777461,101.25.46.93,274,TX
1210457299,117.133.222.0,616,CT
1797154824,129.35.68.132,10,CT
1054578251,37.165.202.57,796,NJ
639032016,214.125.156.64,141,CO
1951761365,60.193.60.105,658,ME
1970251453,232.28.86.215,703,ME
688797019,208.105.69.217,359,CO
1568023631,170.229.100.206,195,NY
1092745400,123.119.82.146,184,FL
1502904969,20.163.226.159,743,CA
1958933342,192.50.173.44,966,CA
1365635701,239.29.120.49,982,FL
771865307,213.174.40.94,597,NJ
1081987672,154.215.174.21,565,TX
1822770072,100.120.133.46,842,ME
1073315233,2.53.94.106,757,ME
1492795683,176.181.73.214,336,NY
1933718851,176.23.179.61,67,NY
1189696459,188.228.42.54,342,TX
1192198148,81.2.183.151,603,CA
1795349795,32.97.49.176,972,FL
855798820,11.0.191.250,303,FL
1824706323,56.34.42.71,821,CT
2058239165,151.157.0.114,792,ME
715345548,241.190.77.211,444,ME
1854213694,180.133.108.10,18,FL
1456245940,142.41.34.23,301,NJ
1889061329,145.247.89.171,268,CO
761941940,28.222.193.103,218,CO
922808516,165.141.63.244,943,ME
1732424606,179.48.182.63,17,VT
1138983182,122.244.125.218,318,CA
2058831721,232.59.182.210,653,CT
1113614172,110.75.149.124,225,VT
1280046493,11.207.113.137,237,CT
1853696930,240.163.28.61,709,TX
1135484132,178.206.43.231,856,FL
1430364257,197.66.19.250,324,ME
1768576718,207.251.206.52,330,TX
1809444615,41.185.178.176,693,CA
2030841673,151.152.124.79,524,NJ
1663490816,54.104.93.11,738,CA
1065392703,27.132.153.190,748,CA
1982994580,170.58.169.88,388,PA
992932691,237.29.99.58,245,NY
1673395631,163.43.142.70,196,NY
1371222216,193.88.89.63,706,CT
2040927295,147.73.205.231,496,CA
671935614,89.202.60.106,45,PA
1942383356,54.108.122.22,171,VT
1101914775,148.66.142.232,831,NJ
832895229,11.88.235.235,745,ME
2049270078,43.85.227.27,36,TX
1450776580,129.111.160.191,337,VT
1588524555,57.177.24.81,195,VT
1307305169,83.192.176.81,317,NY
847192576,103.227.220.34,197,CO
1922846330,186.168.114.170,232,ME
1351990584,146.153.37.78,18,CA
707462736,131.167.59.236,498,VT
1891989910,180.139.51.8,118,CO
1034759333,93.199.142.178,389,VT
767309284,227.163.51.28,350,CA
2092396812,143.36.142.150,513,NY
1032857891,234.36.187.185,532,NY
1124513824,238.203.252.243,802,VT
1599957316,125.118.197.32,204,PA
639745047,178.148.0.229,522,PA
743570102,198.235.200.138,242,NY
1476034567,166.54.141.34,823,NY
1983021006,212.33.226.210,694,TX
2065760904,79.50.234.172,389,ME
1162170215,22.43.102.211,823,TX
1696066841,216.204.7.117,264,CT
797139276,6.27.69.55,168,CO
1828536924,63.190.217.191,350,NY
1716628995,55.250.188.241,852,FL
1509986815,182.16.246.111,910,PA
955454561,156.122.245.12,776,TX
1740115021,119.28.154.28,620,VT
1465384291,141.106.3.110,655,VT
1011486078,93.185.57.208,578,CO
956359563,248.7.20.226,150,NJ
2080835148,180.144.30.171,842,CA
1320727387,176.209.214.81,124,TX
649314207,74.106.171.153,541,NJ
1988334043,246.176.148.29,703,FL
1955864651,236.228.185.54,476,TX
1194300729,205.96.155.237,58,NJ
1012004470,51.33.183.117,117,NY
1102230509,118.236.120.175,582,CT
1845530556,19.47.122.154,741,FL
1953849995,234.12.170.251,124,CT
1900816637,177.228.0.39,70,TX
1129955397,82.100.167.8,7,CT
974379870,139.129.108.143,549,CA
1002225684,140.112.5.161,593,NJ
718681169,8.226.143.240,819,FL
1091015308,117.254.88.7,620,VT
670610938,98.239.14.156,868,PA
855228702,41.35.70.180,23,NY
1191335683,42.153.58.188,466,TX
1103604128,71.87.121.86,385,CT
1024005998,163.175.8.160,73,NY
1530213807,203.84.158.5,18,CT
1001853169,236.226.225.183,854,CO
2035693633,159.146.89.59,363,CT
1139658273,8.84.177.43,595,NJ
689443765,125.122.87.223,648,NJ
1623615049,86.64.189.133,775,TX
635511933,111.193.114.62,530,TX
1399410848,109.222.119.241,651,TX
1003134286,39.236.34.150,128,NJ
659880061,206.58.60.233,924,FL
1905159723,114.106.1.214,896,CA
1628181938,93.47.99.23,403,NY
1812952019,210.228.47.8,930,PA
1584533625,175.29.0.21,139,CT
1644173425,217.213.131.224,750,CA
1522889182,4.250.238.229,500,NY
972046405,230.157.25.90,796,CT
2071543911,71.60.21.202,127,ME
1420621041,202.100.181.95,405,CA
1597223236,163.150.151.33,200,ME
804963087,147.143.92.1,327,CT
991868600,125.126.23.244,133,ME
2051925807,145.79.0.239,978,CO
1589747247,13.105.205.198,530,CT
2104301387,184.38.179.123,550,NY
1540463971,130.163.64.212,317,CO
1828982530,203.240.165.197,582,CA
1475982318,211.79.156.50,935,VT
1348666364,97.105.144.46,784,NJ
1216757883,50.79.53.137,472,PA
1474600153,154.80.180.155,316,CA
1322901345,76.109.107.46,58,TX
1018485704,208.79.150.38,426,CO
1660499432,106.13.40.52,32,TX
1654801671,115.74.171.51,931,TX
1153961084,209.38.194.197,61,TX
1554605034,163.252.214.16,286,PA
2062180648,100.116.104.225,677,NJ
2007273462,146.221.188.253,747,NY
1228584308,166.1.130.244,767,CA
1216151586,191.62.135.252,628,CA
1058662338,224.165.73.50,973,CT
838548521,178.32.128.73,634,CO
1284828598,152.84.136.148,638,NJ
1350021950,44.23.138.10,975,CT
1966487510,62.114.187.36,353,ME
921200815,62.135.211.245,182,PA
1903038446,6.243.87.167,302,CO
1481285444,239.136.52.233,325,CO
1934660784,216.104.251.171,101,VT
713212457,59.221.95.33,257,NJ
1328270357,54.251.160.238,660,VT
1520511688,13.114.92.61,895,CA
1110538853,191.134.86.127,321,NJ
1893569643,80.251.102.107,959,FL
850872296,110.193.121.146,916,CO
1864806216,155.106.244.150,290,TX
1097630971,170.114.251.105,636,CT
1645190680,60.121.252.225,546,VT
1076715084,236.151.225.26,856,NY
777756836,45.173.7.254,844,PA
636333087,233.75.54.39,781,NY
1410734319,235.161.212.236,848,CO
1517988715,65.235.7.24,941,VT
1116985092,83.142.23.190,858,FL
2022490759,73.106.120.76,958,TX
1493086277,31.180.238.145,983,CT
1683089692,202.125.210.26,856,CA
1907106094,193.194.233.126,992,TX
1786508769,235.81.13.196,76,CT
1140939918,241.170.17.226,721,TX
2051478910,253.39.232.136,677,TX
1186291531,224.108.10.37,252,FL
1223578906,83.210.163.238,164,ME
647705576,35.26.29.207,194,CO
1533822132,222.54.123.189,902,PA
1830919315,161.72.41.199,893,CT
1598613455,143.22.62.126,840,PA
870528428,57.137.196.191,459,ME
1538959128,151.54.76.109,587,TX
1775394485,164.203.56.96,135,CT
1118850666,25.46.252.93,679,CA
2080032095,46.203.104.221,881,CT
1334579811,7.43.124.86,374,CT
1420646174,208.56.173.240,930,CO
1486178127,168.253.46.238,664,VT
1779136884,232.199.55.116,536,PA
1377266816,146.181.199.221,511,VT
1804085937,132.239.131.94,238,VT
1940759429,200.48.109.41,118,PA
788504310,94.92.248.33,149,PA
710523102,87.73.179.243,279,CA
1632994899,145.217.40.100,102,FL
1031824640,116.37.42.6,442,ME
1526689546,74.16.5.4,590,NJ
1114244615,133.32.226.93,740,CA
1208299126,127.248.165.171,266,CO
1798641402,229.26.18.131,200,VT
709427389,144.96.119.215,249,CT
828228677,48.11.248.102,723,ME
1538791757,78.185.212.149,112,CO
877552193,79.8.21.238,218,CO
929124019,220.110.198.136,905,FL
1857394284,250.168.248.32,108,PA
2013807523,184.15.242.155,926,FL
1310536922,82.91.216.133,935,FL
1635190557,219.202.27.200,561,PA
1453373047,62.55.191.247,992,TX
1740778839,210.158.89.207,81,TX
1887828489,108.212.242.250,58,TX
1232702401,125.210.154.149,316,NJ
1224249930,59.80.174.147,83,TX
1189207559,243.99.78.71,271,TX
725767212,206.170.131.248,255,NY
773483885,227.151.117.171,852,PA
1419289887,42.21.95.112,785,VT
1435726392,67.163.155.136,721,VT
1028066932,24.61.183.219,210,CT
1733839955,159.201.142.84,221,VT
1721494696,104.52.231.155,776,CA
1133089030,78.16.240.252,12,VT
949190546,96.184.216.146,668,FL
1740501329,3.90.151.89,866,ME
2026916720,73.25.254.165,285,CT
1079138740,235.14.134.107,79,CO
837869356,221.229.180.169,11,NJ
1305511548,14.76.130.224,418,ME
1157601744,200.1.62.224,472,FL
1564928276,171.226.74.45,305,FL
1418430830,136.131.128.35,495,CO
1760553615,195.34.81.76,917,CA
761418341,230.138.137.250,131,NY
1806901067,2.245.47.222,146,PA
962369429,244.59.170.170,768,FL
1046247955,41.68.79.234,944,NJ
1941764502,149.1.188.226,517,TX
1279552092,90.187.172.63,4,CT
917504812,154.67.77.30,480,ME
1242888249,22.229.194.219,287,CT
1773147847,27.54.35.110,271,TX
776011872,180.15.1.87,101,NY
1566773109,44.165.126.215,674,PA
2114099155,232.206.231.129,249,TX
975536594,206.113.221.119,258,VT
1236918946,104.229.208.184,301,VT
1088306184,200.71.81.50,100,PA
2064629081,214.86.76.223,647,NY
2045507394,27.88.84.55,112,NJ
2009811444,63.123.14.41,354,TX
1351546633,143.9.229.244,497,ME
1271669118,210.249.253.114,92,ME
1013743673,79.9.254.166,580,ME
1338539862,121.1.190.170,142,CT
1369557747,193.27.145.199,731,VT
1756044787,210.116.65.173,198,CA
1116052096,137.165.248.60,369,CT
1816957190,3.207.130.175,158,CO
1201176524,49.172.93.252,607,ME
1200178723,237.51.129.4,843,TX
1264598077,246.248.132.33,271,ME
1924438951,217.15.49.46,454,TX
2112500291,2.173.21.159,565,TX
1886612256,129.64.71.63,886,NJ
1562034512,34.44.8.152,746,CO
1612991955,13.6.14.228,463,NY
657167406,73.142.59.39,329,TX
1469766125,215.37.174.230,574,VT
1722684591,131.147.69.55,592,NJ
726664359,191.116.118.46,54,CA
2032076270,125.90.93.213,407,VT
1100906375,220.64.137.0,191,CA
1041589934,199.38.250.132,504,NJ
1065994775,66.126.89.227,352,FL
1638643394,101.58.193.187,422,FL
1932418936,48.133.55.98,222,NY
937154793,69.113.69.8,845,CT
1506429245,6.146.3.194,882,CA
1331165283,137.12.220.202,180,PA
1509973319,108.157.252.70,172,FL
637380802,101.162.145.113,359,NJ
1615983733,43.56.72.227,748,NY
1799972914,105.154.0.129,214,CO
911400252,172.208.101.157,565,NJ
1731061854,204.224.250.251,874,ME
798703880,61.114.239.69,383,CO
1153794154,52.215.210.147,914,NY
662785557,81.107.37.97,693,CA
691835562,9.110.122.42,894,CO
2074175883,165.170.46.223,43,NY
1894452778,166.98.41.123,291,TX
1276060408,249.14.231.144,427,NJ
1635208348,79.164.114.94,433,PA
1571428627,26.170.147.86,701,FL
836659291,66.110.240.95,113,ME
998672245,238.160.248.196,905,VT
954284800,198.157.147.52,332,PA
732791024,175.16.55.78,826,TX
684934154,160.226.33.126,166,VT
886113746,223.13.121.11,75,CT
894699685,131.39.71.177,971,VT
1923120224,81.233.183.169,215,CO
1716437296,45.212.58.109,364,TX
1009687834,237.112.173.126,378,ME
681797507,56.22.78.165,939,NJ
1351436905,107.119.70.71,84,CT
637380381,241.193.185.44,307,CO
1555286773,170.219.110.181,755,ME
1566130923,209.98.133.143,843,PA
810823651,165.161.85.171,601,CT
697106343,242.145.120.113,731,PA
1221014199,8.144.107.17,8,ME
1337559655,29.221.177.244,791,ME
1424985051,1.188.201.214,782,ME
1297522706,44.75.25.210,986,CO
1406640829,249.208.60.127,151,NJ
1194704546,127.121.224.223,182,NY
1470278225,36.132.27.181,131,CA
1051114703,23.150.38.181,141,ME
1699865163,97.118.245.30,174,ME
1174321440,20.207.39.242,771,CT
900862992,47.13.30.180,363,TX
1822274592,246.99.84.174,400,NJ
1781518388,35.211.239.92,768,FL
1594907956,182.127.193.157,849,TX
1312347735,6.45.141.223,943,CT
1190635624,187.60.151.26,427,CO
1376894249,143.209.0.27,170,CT
2002228870,136.23.76.38,517,VT
1948414745,8.236.183.75,543,ME
1424949718,178.182.158.170,883,PA
1611139957,175.165.233.221,813,CA
1398271523,226.19.39.23,220,FL
945885125,65.86.203.37,387,CT
1785702058,247.57.35.97,52,FL
1808438595,168.43.96.77,500,TX
1777309103,55.67.154.163,555,TX
1881842328,14.94.212.201,648,CA
1248151229,111.162.187.214,383,CO
1406308551,204.46.86.166,260,CT
1445327862,19.199.162.242,260,FL
1893741916,204.115.128.83,965,VT
814349703,164.59.4.162,511,FL
1593009984,79.172.231.18,766,TX
1526982461,167.208.136.241,514,TX
809184883,22.35.28.93,519,CT
762198503,67.245.97.19,827,ME
1007500001,91.108.54.202,357,VT
1071501262,176.233.83.25,360,FL
675068772,211.221.212.180,833,CT
1240938286,112.103.151.96,100,CT
1366088668,36.177.170.143,948,CO
1119930168,242.149.41.79,233,ME
971966972,51.108.199.161,657,FL
831255730,27.212.82.250,822,FL
1439433799,176.191.207.32,184,CO
1680932337,8.232.152.69,657,NY
1144415441,244.212.252.24,256,NJ
673821760,234.228.110.20,455,NY
2024062984,196.7.161.98,526,NY
1457048762,94.190.203.38,508,PA
1570448420,128.96.153.139,307,FL
1658439156,35.141.229.20,668,PA
1479738649,46.238.150.220,138,VT
1784495190,135.244.47.187,559,CA
1123135107,125.230.140.225,182,FL
1870546191,189.230.39.11,925,TX
1457331682,208.68.248.199,248,NY
1068581478,26.205.11.103,220,CO
733790053,126.90.167.178,497,CT
1504002518,148.151.176.20,303,CA
1331710485,244.232.12.117,813,PA
1625569932,214.172.123.59,868,ME
1702091444,240.80.67.25,928,PA
921431881,221.49.50.104,517,ME
1958656366,77.132.177.80,657,CO
1857620246,26.31.65.160,901,NJ
950974506,15.168.224.93,873,NY
1169000229,74.150.143.66,958,FL
649435327,192.11.165.68,958,CA
985264019,150.14.193.202,534,NJ
998444978,33.245.245.235,366,VT
999225695,243.199.36.131,919,CA
885912424,9.69.251.148,382,CA
838019376,253.141.95.242,84,CA
906277728,131.135.57.199,952,NJ
1997390756,18.202.226.41,192,TX
2048535765,1.200.222.38,554,NJ
2055926549,71.66.18.230,481,FL
1500926349,142.119.163.109,996,FL
1445569415,200.151.93.214,28,CT
773928087,72.119.161.97,18,NJ
952120394,53.63.130.28,342,CO
1182223418,120.69.144.71,505,VT
1726583574,145.135.14.86,924,CT
1997764892,173.181.108.92,879,CT
2033683596,189.186.244.165,59,CT
1175213543,92.88.46.193,652,TX
1125409818,14.43.212.135,437,CA
1695232169,167.39.247.78,569,CO
1294002656,99.87.175.236,166,PA
1945959884,174.147.158.215,798,VT
1438851761,52.233.34.164,743,NY
1318546313,0.211.221.8,264,VT
2056423542,76.215.130.75,13,FL
1614344681,2.28.125.30,103,ME
742446787,52.28.57.232,73,PA
1421960525,67.195.65.108,340,TX
1677822085,210.120.74.198,481,CA
1619539692,201.61.221.62,224,ME
634995456,36.149.233.236,913,TX
1290724293,225.106.206.235,601,CA
2106253235,7.46.211.172,952,CT
722014274,149.5.109.134,205,TX
1411495288,48.247.68.210,151,CT
1726281302,246.245.170.165,171,VT
672694318,177.83.15.11,497,CO
1037869959,127.97.122.209,645,NJ
1739187242,69.129.55.9,964,FL
1607728888,52.183.4.208,939,CO
1346817290,35.177.37.99,117,FL
995523127,35.158.230.236,936,CO
1980198936,172.237.91.73,285,NJ
1314400751,99.234.162.110,478,VT
1336654716,140.141.107.70,531,CA
1264171816,93.222.113.142,209,CO
812114155,74.174.140.57,295,VT
1786711824,205.248.173.185,389,VT
1869104455,246.138.205.116,693,VT
800118781,28.182.189.214,882,NY
1999430402,84.249.198.219,989,NJ
1710167071,86.39.55.11,419,FL
1468219630,211.231.54.241,175,FL
1741949398,221.28.26.242,320,NJ
944836749,137.80.84.154,487,FL
1863945076,153.147.100.16,766,NJ
1580489636,214.91.87.48,938,CT
1407111533,234.72.1.251,876,ME
883598947,162.36.14.13,348,NY
1244025401,94.173.184.142,68,NJ
1960371939,68.33.224.249,50,CO
1465336172,176.124.45.9,841,PA
727335140,182.137.161.152,955,PA
1955103081,239.56.34.241,648,TX
1212978011,21.23.238.25,751,NY
1175301672,52.58.190.238,797,NY
1147670535,175.239.11.68,919,PA
1521970343,237.236.186.115,554,TX
1040252828,171.228.213.109,727,TX
1973927069,145.133.40.210,720,NJ
1027309869,138.67.238.149,377,NJ
1491630527,134.97.67.174,950,NJ
2053772354,250.63.190.250,930,CA
1291608115,181.128.224.12,703,CT
678462689,196.94.214.77,76,CA
1532697800,245.81.206.171,281,VT
1234857926,190.218.253.254,924,CA
1631905801,223.165.98.222,277,NJ
1326643325,199.99.202.133,768,CA
2025067623,66.183.183.229,152,PA
1333819106,197.123.110.202,262,NY
859214798,252.60.245.191,477,PA
1635531863,131.236.59.174,361,NJ
910842679,121.143.1.92,891,ME
1218444312,164.227.38.118,44,CO
1919437408,175.201.31.132,492,CT
978902888,205.199.251.228,113,CO
1656294789,192.147.194.152,277,VT
1488458174,174.178.133.78,18,ME
965627200,213.149.187.1,459,FL
1763348385,205.128.30.77,563,TX
1212552413,127.200.182.135,925,ME
1356311848,144.201.81.44,947,ME
1081316159,81.130.64.12,367,PA
1690893985,115.225.129.51,777,VT
1617493007,152.208.19.211,659,TX
1578930487,144.192.129.243,83,TX
1794208578,254.139.239.134,152,VT
1662884980,153.48.52.143,839,FL
931971838,15.73.176.48,998,CO
1469256517,57.221.31.104,612,CA
730021010,241.240.150.210,180,NY
977705072,160.188.241.15,550,NJ
2066047225,252.27.227.153,756,TX
1511275940,42.3.76.8,50,VT
2109435045,128.50.212.92,35,CA
1001382663,3.30.33.145,662,CA
1569823195,107.245.201.240,801,TX
2073279771,196.68.227.252,935,CO
1865304026,144.115.123.20,46,NY
899365317,103.15.61.168,838,VT
1306339274,124.241.96.80,787,CA
1293671895,141.218.148.105,59,TX
1935915278,95.202.85.200,88,PA
1628262360,163.215.31.167,939,VT
953404483,28.214.195.191,194,NY
797488630,75.92.227.85,343,TX
1447663570,28.172.23.104,619,PA
850641096,6.91.111.166,331,VT
1717741300,154.52.21.158,495,CT
1427041787,175.231.7.217,741,ME
1326964209,223.176.81.247,295,NY
1855262332,86.93.77.166,542,VT
2019087893,183.78.120.99,688,PA
1689800010,46.225.213.206,491,VT
1592887775,118.91.165.50,551,TX
1867489692,84.98.53.108,842,NY
710724377,234.170.76.107,559,CT
820668101,0.186.22.247,373,CA
1006902017,194.50.131.122,462,FL
1125578017,116.130.20.177,873,FL
1482763113,154.8.65.75,365,CT
1301517802,151.152.44.161,524,FL
749762690,117.227.229.39,738,CA
1548317321,165.77.209.65,917,TX
652884161,21.42.74.248,746,VT
868159778,21.253.107.212,634,TX
1368166240,78.143.120.72,151,ME
1848859343,152.16.217.189,727,PA
1740915759,55.25.104.234,353,FL
902914409,134.157.222.178,555,CT
1678601045,135.0.57.12,226,CO
1525889415,100.235.181.114,507,ME
1438654368,175.47.191.248,68,CT
1877366756,168.141.7.25,670,FL
1304717094,155.39.161.24,615,PA
1229810519,18.81.201.148,401,FL
2068006268,221.237.85.1,399,VT
1740317403,120.129.84.221,390,PA
1686437647,67.9.170.206,963,CT
1704640740,92.54.100.125,46,VT
949920451,234.115.103.232,80,TX
1366091166,186.97.5.7,215,FL
1454719042,49.167.4.102,467,NY
1815265477,8.45.161.194,26,TX
1845950250,229.28.171.152,181,CT
1177927958,60.4.190.149,470,CO
633756036,85.159.161.175,618,PA
1535280015,164.247.15.52,323,CT
785094507,20.162.88.29,946,CO
1274321963,11.84.100.118,473,VT
1530369755,94.28.92.142,183,CO
1945950807,98.168.87.36,184,NJ
1098872580,251.242.59.239,328,PA
1221906320,195.5.135.171,856,CT
2001126805,186.145.248.33,118,CA
1304395210,170.175.97.65,136,NY
1434732544,241.196.82.194,964,PA
1714454273,247.140.179.28,768,FL
1546036652,10.173.107.164,102,VT
1216599370,254.47.195.14,82,ME
2032169555,97.6.128.246,668,CA
1101932331,122.41.136.221,428,PA
663716058,54.131.10.204,170,PA
1481822800,101.122.82.165,905,PA
732324956,26.195.139.217,6,CT
1246054592,246.67.35.214,46,NJ
642775650,159.94.0.75,701,CO
833013568,190.85.140.111,220,PA
812744564,204.225.53.162,810,CT
1754950177,97.242.148.76,112,NY
1445845002,134.92.76.21,859,NJ
1129620468,96.172.168.230,561,ME
1089132523,147.169.241.53,793,CT
1761897743,21.8.26.68,632,CT
2049828401,9.249.152.1,209,NY
1140025964,251.227.16.5,169,ME
773974127,194.213.54.230,185,CO
1387229344,48.164.245.56,977,ME
1278038331,230.231.163.160,306,TX
652788704,227.251.177.176,48,PA
1092518203,165.242.215.192,25,NY
1259136423,252.12.175.26,308,FL
1927309152,163.26.3.54,160,TX
848781228,72.82.175.88,570,CO
1707828802,5.10.11.109,717,ME
1383372614,179.244.214.60,644,FL
1558321865,37.107.4.130,754,CA
1771052934,67.91.75.190,752,PA
876434735,138.239.40.77,660,PA
962565305,134.245.184.164,34,CT
1361737537,198.112.46.106,451,FL
1923303776,183.55.140.222,619,NY
888409225,218.223.190.175,607,NY
1155944065,253.109.206.95,427,NY
1000567946,77.194.61.200,800,NY
1191590430,6.68.193.233,50,TX
1152724871,212.102.159.58,537,FL
1234484741,8.207.205.163,566,FL
1824627375,186.201.40.221,659,CO
734150442,109.122.76.4,313,CA
1632361676,74.171.146.21,811,VT
1674191161,8.84.248.233,333,CO
1130631818,160.2.65.78,995,NJ
1625327157,152.196.221.242,787,NY
1175873480,1.194.237.37,953,NY
754275318,128.236.45.215,783,CA
728498162,133.186.212.144,204,FL
1233297678,237.99.213.199,178,PA
777082881,177.67.77.244,524,NY
2032363519,62.67.246.223,803,NJ
1649467497,206.5.234.33,515,TX
861326246,39.121.225.175,613,CO
1407929310,134.151.60.114,377,CT
1374885448,232.222.28.5,303,CA
776489185,41.181.133.226,146,CA
1136563865,156.46.193.46,761,PA
1931919546,72.25.96.134,483,TX
1401220830,117.171.209.99,33,VT
892247459,56.28.188.151,950,FL
1660991932,62.244.181.135,469,CT
748095262,14.94.99.187,321,VT
778617176,47.149.72.212,338,NJ
1441757235,121.180.113.89,544,CO
1172431047,192.108.216.120,39,TX
1486286137,168.52.227.52,265,ME
1531348423,104.203.17.58,220,ME
1544801841,54.56.58.4,111,FL
1414581782,131.147.141.81,55,CO
832087140,228.225.72.229,53,TX
940474294,165.118.62.143,206,PA
1792064830,250.95.31.55,255,CT
1413665922,254.91.192.174,185,VT
1719033188,187.124.11.138,779,NY
1751630191,172.98.47.97,134,PA
1020248280,0.205.45.210,903,CT
1366325192,142.95.55.154,471,PA
1341561175,189.138.253.210,737,CA
708658909,168.99.229.176,714,CO
1644188945,141.75.107.246,41,NJ
727037025,185.42.100.81,692,NJ
1714448273,141.25.197.71,625,VT
1333110185,43.9.207.160,514,CO
1736637000,105.178.49.229,307,PA
1050633900,205.223.253.207,863,VT
1849281038,141.14.7.169,952,VT
1983065537,93.18.22.251,277,NY
734397313,77.184.191.81,97,CO
1655234946,244.128.210.78,368,NY
934815350,22.221.220.53,254,CA
1288423425,12.242.145.77,907,FL
1487653548,178.97.125.175,6,CO
1802790036,17.107.120.91,508,VT
1455584533,125.90.140.187,894,PA
1968787674,141.105.15.105,485,FL
733301320,168.125.28.141,881,CA
692257073,160.94.29.206,780,VT
1177566481,0.247.161.72,798,PA
1687041688,254.53.118.204,648,CT
1459956166,172.111.251.46,855,CO
1592985917,95.238.90.190,916,NJ
750180816,250.46.219.42,496,NY
1382690244,134.56.166.58,860,NJ
1467489699,226.182.216.78,482,NJ
1553178020,217.194.153.95,191,CA
1563221598,115.193.42.244,255,NY
1801277392,150.189.220.209,973,FL
1688018846,208.237.9.97,327,NY
1315137300,211.192.95.138,168,CT
1907726153,36.159.140.21,272,FL
1798595222,175.1.79.52,152,NJ
1035690058,147.139.148.171,540,VT
683075321,226.201.242.154,707,ME
1606916034,169.101.249.4,206,VT
1780179897,168.9.151.155,440,FL
1298507898,16.139.150.104,254,ME
871701612,110.23.111.62,908,NY
1256640286,134.207.102.187,639,TX
1546224251,117.36.252.196,732,ME
1871153250,182.240.153.220,318,TX
2066498713,94.54.210.99,236,CA
1697071615,103.114.205.160,666,NY
1919831730,191.109.48.201,109,NY
1768533622,46.195.116.53,595,CT
1355395848,223.48.100.192,660,CO
1551097154,217.148.137.205,529,TX
773408691,173.36.240.128,350,CO
2038639936,121.89.143.90,856,FL
1296241262,170.149.179.205,739,FL
1092879963,98.250.191.79,271,PA
1560601995,31.199.183.2,476,PA
1706627578,227.119.235.170,592,CT
1137936800,127.65.123.78,680,CA
1579011900,210.199.165.21,573,CT
1594610447,60.45.63.64,775,ME
1046965274,228.5.190.63,584,PA
1458002296,190.18.64.88,634,TX
1879629152,128.197.160.147,952,VT
973801156,193.109.189.153,980,CO
1184903188,190.17.223.167,301,FL
1551621356,93.101.41.77,678,PA
1854958112,95.180.235.10,461,NJ
926743252,22.194.180.52,859,NJ
1725237695,128.1.72.31,254,VT
1970572592,154.86.25.193,138,VT
1564245533,45.148.172.75,316,CO
1659031756,105.143.243.36,148,NJ
1506086230,218.49.196.4,717,CA
2062228250,101.71.67.96,687,CA
929209540,228.67.78.150,427,VT
1286593026,174.21.202.165,210,TX
1729425171,80.151.244.137,586,ME
2003244730,110.110.0.42,887,ME
1790437863,28.178.3.56,324,NJ
842864209,42.68.207.242,317,CO
1026295287,215.192.20.117,223,FL
1132298585,85.44.26.84,263,NY
1684697079,186.202.99.225,625,NY
1680914033,54.4.151.12,365,CO
1187880459,178.165.92.70,213,NY
875941665,144.142.194.223,347,PA
990328145,148.178.254.200,752,ME
1652570923,136.8.252.226,542,ME
1948921354,114.144.129.184,912,ME
761652249,125.162.61.249,295,CO
805384496,66.104.104.48,484,CT
1241666917,131.3.198.254,868,NY
1429168052,24.251.17.228,953,PA
1748515491,73.63.169.219,18,VT
1673964681,109.242.117.162,310,NJ
1653835023,88.182.210.43,366,NJ
1939718888,173.83.99.228,712,CT
1512883020,44.145.210.199,494,VT
681260490,94.33.168.170,819,ME
1982447291,195.33.69.205,221,CA
1127558023,91.82.95.240,549,PA
1950250763,190.78.28.60,445,CT
1958786418,229.132.239.80,585,FL
1113554950,159.210.135.43,379,NY
1919017538,132.103.241.221,802,NJ
1522541206,188.4.114.34,851,ME
1776344603,137.187.131.70,422,VT
2050623321,232.196.160.200,218,NY
1736102589,93.84.184.114,567,CO
1553369979,178.205.124.96,647,ME
788870800,2.159.139.82,152,ME
659182331,232.98.226.131,410,PA
1173357867,49.87.18.103,916,NY
1574673241,247.219.140.4,879,NJ
1045539554,192.230.197.50,236,NY
1476281819,53.110.110.119,113,FL
1394430702,105.152.32.152,66,TX
1300197900,61.246.10.137,729,NY
692911774,150.69.195.226,287,NJ
1326796335,206.237.235.13,917,NY
1289703251,2.222.90.4,611,CT
1430458121,20.176.66.130,380,FL
1744784556,186.70.132.52,638,NJ
2053185588,192.205.40.157,67,NJ
1175813041,66.137.68.190,380,PA
1457235958,100.162.42.149,551,PA
909251041,198.90.45.252,439,CO
1077237203,238.216.115.102,428,NJ
2056408187,41.102.39.91,260,CT
1233634138,243.204.114.17,143,NY
2042699858,211.166.84.50,440,CA
1118550741,218.225.197.81,617,TX
1251668080,221.176.25.177,154,NY
712387917,32.63.7.9,313,NY
1156225197,229.186.94.117,896,CT
744163696,100.108.168.217,666,TX
1764513206,105.122.204.130,351,CO
2057603878,63.152.206.25,157,CO
1743514200,241.61.172.91,435,TX
778121023,179.210.75.56,743,VT
1443723130,156.20.213.114,182,VT
940007790,68.98.104.159,383,ME
1527094151,226.232.151.207,953,VT
1428406185,238.44.241.136,569,NY
1207889680,120.192.160.176,387,NJ
1492119137,22.166.157.22,211,NY
666760759,83.49.14.3,927,ME
1849575326,137.50.100.195,139,PA
1418052484,113.238.67.97,17,FL
1053109913,142.205.196.197,622,ME
1184399860,36.30.109.199,547,TX
1774448753,58.157.200.145,550,CO
1287885439,61.218.239.87,824,TX
1537616944,193.15.121.81,80,NJ
1024393716,193.101.61.199,542,VT
1645308848,229.12.6.201,193,NJ
1745646720,94.254.127.105,847,VT
778761790,244.76.161.215,679,ME
2064156552,133.120.192.162,979,CT
816781373,112.105.173.33,311,NJ
2036022227,22.100.57.109,577,NY
1022154902,123.62.192.20,10,FL
657913104,63.241.154.103,543,PA
1202046767,216.13.159.102,967,CA
1453742145,211.62.44.40,454,FL
1601279865,134.21.108.203,239,VT
2098192953,71.64.192.63,544,NY
698819310,191.168.49.8,86,TX
1875070700,39.168.169.7,511,PA
1468900637,136.220.118.160,421,VT
2012156681,220.246.153.49,714,CO
1592662722,96.17.110.56,228,PA
1204579270,235.229.173.10,223,CT
887787164,233.9.175.44,729,NJ
2080552796,185.230.141.67,493,CA
1382703141,45.24.95.24,404,NY
1807105394,36.99.3.179,157,CO
868290886,111.121.49.51,756,CT
1038050335,208.228.197.90,198,NJ
1512936782,209.225.74.161,74,NJ
1086222463,81.219.202.135,511,NY
1824489791,146.151.206.211,250,FL
1289518313,81.29.249.16,997,PA
664841644,30.79.101.2,380,NJ
1303117933,124.123.146.61,213,FL
1251056440,169.113.42.113,174,NJ
1424921375,57.178.139.47,166,CT
1968431269,53.106.44.45,840,FL
1961803780,227.94.159.187,234,CT
1273618322,237.94.7.70,88,VT
1943898834,204.212.139.182,25,CA
2005887312,47.242.69.241,967,CA
949993837,191.118.132.87,238,CA
1409554965,108.205.215.109,797,NJ
2095384367,218.53.26.37,20,NY
1102628547,60.200.105.148,76,VT
1696356402,20.252.86.141,990,CA
1346367000,71.146.171.210,177,CA
925939349,67.144.141.215,487,FL
1230407012,124.25.59.145,519,NY
797920421,46.45.145.183,54,NY
1321877501,130.252.58.128,647,NJ
1165551762,198.27.250.139,819,NY
1456881598,185.167.55.72,511,NJ
1830689221,47.91.9.78,523,CA
794442317,34.191.36.234,919,NJ
1686209075,169.121.54.236,372,FL
989845931,143.123.82.34,566,TX
1158949655,221.148.197.24,310,NY
1497710190,182.96.191.87,883,TX
719569081,28.199.162.108,113,PA
1279885352,71.94.77.204,903,CA
1772207917,148.80.109.194,320,VT
666136666,70.219.159.172,921,TX
1496134990,41.46.75.25,841,CA
636329981,131.251.122.87,539,TX
1822279824,30.149.5.205,391,FL
1844128326,150.162.145.90,136,TX
1222582852,80.39.147.108,825,ME
912403147,120.117.209.145,280,CT
783908526,27.246.228.132,565,NY
645696791,69.242.186.31,759,NY
1460528801,143.249.249.194,479,VT
1577020640,77.242.139.88,923,VT
1012021229,248.205.16.187,285,PA
797851174,81.231.162.250,925,TX
968147208,224.227.250.25,65,PA
643193792,148.166.26.5,808,NJ
2085462948,198.17.246.162,251,VT
1037812908,93.225.9.250,368,TX
1350290494,216.139.124.30,728,CT
752869284,100.78.98.227,987,FL
1392045240,2.118.154.246,966,FL
1616535428,112.57.143.2,479,VT
882931882,157.239.121.74,654,PA
691739408,22.115.134.72,903,PA
1381667397,184.44.28.110,540,CA
1598249924,222.7.48.160,637,TX
938287247,157.95.45.10,726,CT
1037623873,181.142.181.247,857,NY
811090873,60.137.175.217,798,CT
1495661338,187.26.58.144,178,CA
1179903271,17.127.160.153,110,VT
1518938496,200.212.172.210,487,CT
2027254886,32.247.58.97,481,VT
1952124404,143.130.190.164,173,PA
786439085,220.176.214.201,487,NY
1723712610,111.101.179.53,988,NJ
947148467,211.164.179.199,685,TX
1016728411,218.88.159.72,726,TX
1324990569,170.191.18.104,308,PA
1250923963,166.215.194.149,565,PA
2075807913,151.177.208.108,139,CA
721903439,15.66.161.68,459,NJ
984060106,235.63.106.116,282,TX
1912514917,55.185.82.124,538,CT
1321118591,172.54.201.138,5,ME
1766616757,8.18.220.147,520,FL
1672779301,78.61.104.130,957,FL
1710439850,155.157.218.33,54,ME
1422210800,198.162.38.167,308,FL
1202491880,237.52.224.64,657,TX
1180649030,130.127.126.171,915,PA
946188387,175.123.129.216,453,CT
1620765491,195.194.130.123,934,PA
1958427461,110.42.246.195,278,CO
1232206915,84.70.238.69,609,CO
1999090086,84.16.140.12,249,CO
1941159392,245.11.185.148,628,CA
745777813,67.149.152.185,452,NY
1687905920,221.70.103.176,651,CT
661734788,224.76.52.213,916,TX
1428854555,177.144.184.171,291,NY
2035216104,85.156.84.2,529,NJ
2065466468,217.159.119.44,412,CT
1007792104,107.231.195.158,426,NJ
1552726590,53.18.247.144,752,CO
1530427352,121.174.73.81,842,PA
1415611399,230.48.249.129,227,NY
1186066015,167.143.48.137,661,ME
659526949,25.37.76.95,316,PA
861523468,60.72.29.108,736,PA
1486414363,195.184.146.22,864,TX
776449026,201.137.111.86,697,ME
1490239883,142.174.115.25,365,PA
752420410,249.184.137.113,458,VT
1289143657,193.70.100.48,933,TX
1072816933,64.14.167.77,527,FL
750896458,222.84.5.122,947,TX
665402209,141.136.131.105,434,TX
733165761,248.86.149.49,344,CO
971456540,30.218.246.130,668,PA
1230710536,88.21.167.137,106,CT
1635013435,3.190.176.185,846,NJ
1132534333,186.185.251.162,806,PA
1937437334,128.52.105.134,85,FL
740333902,217.138.129.251,341,CA
655984312,52.99.134.137,428,NY
1646132099,133.46.225.58,847,CO
723287059,194.83.226.123,269,CO
1465215410,17.42.118.205,566,PA
855338557,208.16.126.208,785,TX
791728321,253.149.172.104,987,TX
815644485,61.55.181.199,721,CA
1638179233,169.242.217.100,239,PA
2047464811,185.77.205.239,555,PA
1226232632,60.154.37.198,132,CO
1453378123,182.73.152.165,833,ME
1421626682,64.177.12.228,596,VT
729040735,7.39.177.222,58,NJ
1407550455,204.247.205.72,89,NJ
1695420173,51.63.204.83,867,VT
886328294,73.9.124.222,527,NJ
1595347995,168.6.180.164,21,CO
1424709197,130.46.125.180,249,FL
1553731213,251.238.248.24,181,TX
1365693194,76.202.75.146,243,CA
721721369,62.125.86.6,578,PA
1208183346,102.229.48.30,435,CA
1698001559,137.217.60.158,425,PA
652529234,216.201.133.227,758,PA
1973363732,244.45.195.1,334,VT
1239067924,248.186.230.178,898,NJ
1019863260,236.99.75.45,394,CT
1163731553,17.122.122.98,628,TX
829446440,28.70.61.102,344,NY
1453130763,185.241.146.98,982,TX
651493046,46.5.80.127,164,PA
1470169845,107.214.142.26,915,ME
1296431293,98.73.134.233,15,ME
1556365495,27.5.219.183,361,ME
1749178243,35.248.22.67,167,VT
1506453501,218.214.62.253,270,ME
650153756,104.145.46.222,690,NY
696124834,30.95.152.152,652,FL
798742407,191.224.85.157,507,ME
1212772254,57.176.70.149,609,CT
2079850117,133.206.95.114,134,VT
1837372156,169.109.39.158,799,ME
1449345583,112.65.211.244,553,NJ
1747357749,124.184.195.7,453,FL
1582150612,16.122.15.230,67,PA
1601185259,160.152.106.196,240,NJ
1124397443,24.56.121.83,543,PA
1528258775,99.97.20.221,813,CT
1618546877,196.12.99.31,290,NY
755054939,88.127.157.135,611,ME
2022952573,92.235.153.169,746,NJ
1382666186,60.106.135.155,138,TX
1490625783,198.39.232.156,62,ME
1387117905,6.128.35.162,40,NY
1954376224,238.19.66.169,346,FL
1929128728,246.249.209.222,460,CO
1290718240,8.150.84.239,640,CT
1822544027,246.250.100.109,796,FL
1283158325,98.76.169.126,45,CA
999656293,130.42.220.214,168,NY
1726674327,9.23.87.250,592,CO
1131461358,47.0.69.189,609,TX
708162975,70.250.171.245,266,CT
1738662515,125.3.238.214,726,NJ
2025420167,50.92.8.220,947,NJ
1200208457,127.134.76.42,244,VT
2037841766,162.56.87.253,312,NJ
1919472048,143.218.107.178,197,CT
678767275,203.25.181.56,640,TX
1360694040,65.241.1.61,533,CO
1665342839,104.93.51.132,233,ME
1388449565,227.97.75.99,52,PA
1203093864,13.134.246.181,513,PA
1628497435,139.118.148.198,271,VT
1080450618,241.110.100.70,636,CT
1802411238,233.36.69.245,932,NY
1064345555,47.129.52.216,927,NY
2063107831,100.169.213.43,147,CT
2058839758,230.78.221.166,391,CA
2092466838,107.89.76.217,61,ME
905761492,185.54.199.49,672,TX
1598942078,3.193.114.34,40,CO
1032183532,7.85.82.86,789,ME
1122026302,191.108.56.121,847,NY
719716264,205.173.155.114,348,CO
1838948683,216.89.152.19,967,FL
1299540923,32.78.106.28,684,NY
1473817623,22.40.139.181,940,NY
913555686,108.159.230.10,56,NJ
1318605808,198.231.148.187,824,VT
685069040,174.244.133.225,822,NJ
1144082526,107.152.173.126,73,TX
1434175646,165.158.158.238,544,NJ
1565284661,12.17.111.175,224,CT
2113542223,5.200.76.118,904,FL
1223835735,94.112.221.234,227,NY
1208333567,29.60.215.147,969,ME
712085152,163.148.160.55,872,CA
1157968622,64.144.99.53,243,VT
1743826069,186.4.192.247,798,CT
1027277637,184.250.182.109,774,NY
1823748733,39.9.117.253,892,CT
822664932,66.16.222.38,450,TX
782957567,250.213.104.198,796,FL
1161193019,19.197.172.254,51,NJ
830901380,224.154.120.85,315,NY
1301514332,66.160.168.2,180,VT
784817941,201.51.91.213,521,CO
2006384247,184.151.247.21,550,PA
1752216694,234.150.198.195,622,CT
2113493440,140.93.107.44,986,VT
759808024,103.33.168.61,434,NY
1051141043,226.213.65.134,960,TX
1588582971,190.235.28.240,358,CT
1798697610,46.9.237.12,591,VT
636892455,89.134.63.100,615,NY
1141888667,52.234.72.135,911,VT
1515803069,243.83.138.25,87,PA
875559342,50.156.250.226,159,TX
1041607427,116.24.59.7,611,NY
1339702290,36.224.136.154,130,VT
1074424606,161.230.161.16,552,CA
865891747,148.51.2.20,16,CT
815709953,66.159.86.194,201,CT
1109070661,247.32.31.98,40,NJ
796785662,41.4.224.24,911,CO
1118931635,218.236.72.131,750,CT
1326447889,39.112.73.205,317,TX
1813055409,229.232.71.222,958,CT
1574879162,39.150.47.53,31,VT
1729228661,86.93.89.42,927,NJ
648043688,2.200.86.78,76,CT
1616404693,197.93.93.241,886,FL
972759129,23.187.240.23,663,TX
1664119434,94.50.235.184,843,ME
2090051486,102.145.9.112,621,VT
1113092348,74.123.59.56,434,CT
638141100,66.81.171.46,412,ME
996871011,242.209.110.243,305,ME
818147307,105.83.25.39,390,CA
1128068957,154.196.100.210,857,NY
1791820427,220.33.192.20,245,FL
1791220507,97.129.106.196,846,VT
1858713521,4.235.221.217,203,CT
1356808648,33.27.55.129,328,NY
838514812,145.118.162.117,640,FL
1800304902,154.125.192.137,905,FL
1496996847,178.40.14.96,93,PA
876441833,199.44.100.184,768,NJ
1740504141,105.75.123.222,494,ME
1127655057,105.5.211.41,598,CT
1547277883,68.221.190.80,672,TX
934480778,96.157.17.246,464,NY
1515181380,183.174.244.53,297,PA
668346212,88.56.147.238,519,VT
1096741012,47.67.59.75,436,ME
756312722,250.59.26.64,147,CA
1855319743,229.160.149.200,395,NJ
1061380243,32.244.78.221,819,PA
1891880311,132.225.232.125,520,PA
2068176278,184.200.254.78,30,CA
1387538399,209.231.127.236,756,CT
1603599337,174.173.123.75,239,FL
1968605133,171.178.2.132,16,PA
1575796658,141.221.135.64,460,VT
1535626491,67.68.162.128,581,TX
1651722521,235.112.90.136,113,CT
1791037259,228.141.20.134,152,CA
1010348995,190.37.64.42,186,VT
1000825933,98.174.116.214,846,CA
1146502052,199.178.23.99,145,FL
1552642223,254.88.97.224,690,ME
760659856,240.236.37.70,777,NY
1475561341,181.209.144.28,566,ME
882822205,206.20.232.232,838,PA
1643959984,127.226.15.28,825,ME
1348048133,203.44.168.4,775,TX
1016105804,208.245.250.242,906,NY
664052401,23.169.132.18,143,FL
1605121465,216.10.158.219,961,VT
1314628605,77.18.227.212,906,PA
1381660875,84.229.182.166,620,NJ
1579507589,24.160.177.15,545,PA
890747425,212.35.43.67,376,CO
1094266949,168.117.150.153,757,ME
1865866775,248.38.86.99,543,PA
1044634934,31.137.76.74,623,CO
1128630507,250.63.71.182,634,PA
1841028039,22.206.108.106,446,FL
1823802228,120.178.33.244,76,NY
1060388314,83.114.53.182,433,PA
1253849319,58.129.39.67,553,NJ
1051947160,3.228.248.127,985,CT
1970437120,227.104.197.71,191,TX
1967941198,225.51.15.150,562,CT
1680213816,37.11.17.91,111,TX
2096927458,68.27.251.128,880,VT
1011288262,183.25.62.244,915,ME
954703227,19.44.14.188,1,CT
1212428281,161.93.87.113,272,TX
1114735309,119.16.173.38,852,FL
652718226,156.114.7.132,931,NJ
1859031410,183.14.46.125,39,CO
746251768,236.17.241.168,899,CA
1975131235,167.246.243.32,335,CT
1733002720,246.11.114.82,852,PA
1052920574,8.250.254.210,31,NY
1645973733,110.219.230.219,978,TX
720687130,233.136.156.207,84,CA
983280906,1.161.35.113,602,NY
1462385287,114.204.44.107,929,CO
2104532201,208.13.55.129,150,TX
661477287,137.81.185.38,737,TX
2084761013,36.57.236.82,679,CT
2019337552,187.235.150.93,421,CO
1614750303,198.136.109.253,744,NY
1503988717,56.37.168.185,277,NJ
1822902019,112.39.11.218,845,CA
1942079555,246.240.48.177,336,ME
784971569,7.118.237.204,501,NY
1673875550,233.19.193.36,229,VT
1859333353,134.30.37.212,996,TX
1457190167,214.231.226.45,509,CT
1637182943,152.194.212.37,978,CT
685855368,246.62.43.235,439,ME
1506094244,81.88.216.60,195,CA
1214674858,106.150.130.239,206,TX
711281550,164.74.37.18,126,FL
2108026153,95.25.22.73,50,VT
904707432,54.161.123.128,52,CA
1752103936,78.133.248.142,947,PA
980186907,37.75.191.104,650,VT
1056590054,78.218.108.176,271,VT
1207841236,136.243.120.98,308,ME
1370441124,193.235.33.183,761,CA
1741428759,160.250.233.0,417,VT
836453151,110.107.149.248,411,NJ
1416119448,21.151.241.205,115,TX
1507717906,113.129.82.105,850,CO
1054238933,0.155.108.202,51,VT
1684358366,98.179.117.208,829,PA
936497121,126.251.109.222,998,VT
1273614297,77.5.219.51,389,NJ
1658344657,176.183.245.109,390,CO
1822223511,65.224.33.210,366,CT
1050365716,205.226.254.94,34,CO
700871057,99.92.8.121,892,ME
656020306,194.178.8.45,323,CO
1990160808,164.23.60.251,93,NJ
1068469056,88.20.172.13,947,VT
1747939271,20.28.131.137,12,TX
1204463489,27.58.55.114,196,CO
801686280,45.245.189.140,950,ME
844861362,217.184.83.20,996,CO
1252746781,193.14.28.194,843,ME
974428064,237.132.101.186,728,PA
1669103024,109.198.236.169,657,CO
991192740,162.125.216.229,175,NJ
1645044171,32.63.249.173,663,ME
750636016,76.59.140.16,173,FL
711696150,228.95.86.12,961,ME
941285439,32.12.64.56,784,VT
1701039482,98.123.95.224,902,FL
769715097,245.25.100.168,383,FL
1305033254,79.249.106.103,718,CT
2031430981,248.149.236.227,358,CT
984684906,251.185.181.203,178,TX
1425733365,150.212.3.5,925,NY
683920121,232.43.200.107,837,PA
1649696791,80.38.134.178,94,CO
1544470537,93.144.208.50,654,ME
1580583139,204.180.37.80,549,CA
828910252,169.200.223.0,519,ME
1123399669,217.169.140.3,305,NJ
843438590,32.210.220.104,473,NY
990305438,239.68.178.244,776,FL
980800311,204.100.238.172,226,CT
1591251207,207.176.136.153,853,NJ
958313256,222.230.229.229,337,CT
1019287709,150.117.207.145,29,PA
1940162092,218.141.219.247,124,ME
801069063,5.45.82.220,210,PA
1029386416,194.23.68.15,861,TX
1036441063,69.145.101.137,860,PA
1923795555,111.69.150.204,571,NY
1932679298,184.234.180.120,461,CA
1625165135,128.74.238.177,322,CA
1435038408,207.15.107.126,879,FL
1692208557,216.245.40.231,196,CA
1497481635,62.56.3.84,740,NJ
1944188400,166.222.113.14,368,CT
970202316,238.14.245.48,690,CA
1197386900,217.68.108.115,761,CO
1465525603,250.56.18.53,803,PA
911151474,133.122.140.203,378,CO
1423999319,229.160.180.121,441,CT
1474920811,180.242.11.85,713,VT
1657572523,16.192.224.92,721,PA
661076572,239.224.240.76,768,CA
631154010,249.122.208.41,901,ME
1456783091,52.89.104.94,878,CO
682751161,175.98.68.163,193,VT
652221329,12.26.91.250,2,CT
2021660899,46.107.27.29,283,CO
1882028955,129.195.191.198,238,CT
1978955316,188.185.191.52,810,CA
1111747331,84.199.195.47,466,FL
1030105528,41.87.114.234,799,PA
2062851527,36.83.0.139,269,PA
2081939855,173.212.126.36,453,CA
1602265694,20.85.170.42,890,TX
1061902382,36.121.30.177,996,CO
1208366063,233.213.95.21,899,CA
1509195715,4.193.122.62,655,ME
1152532369,155.150.56.99,222,CO
747942774,141.71.232.85,77,VT
1718992734,35.110.15.145,70,NY
1181808421,22.43.67.5,753,CA
1191168960,163.53.8.188,217,FL
2106475882,143.46.35.158,319,CO
1327266461,91.244.40.160,931,VT
1738342284,49.146.11.239,571,PA
1380516396,67.127.191.154,522,ME
1589957464,246.159.235.118,133,ME
1620766602,64.39.114.36,909,VT
1074389307,64.220.132.182,714,ME
1337626437,26.66.146.97,405,NY
1589744074,127.57.197.38,592,CT
832324723,150.240.232.235,874,CO
1089667417,110.130.41.204,980,NY
1554111556,232.212.171.10,274,CT
2089774424,253.180.206.163,384,ME
1439902273,180.208.227.95,940,ME
1332786687,186.5.6.191,659,FL
672660395,153.96.95.110,280,NY
1212332792,88.223.251.212,713,VT
2065275603,92.142.251.154,433,TX
980749868,234.111.43.89,550,ME
1041664125,160.90.156.128,669,CT
1411453893,118.21.238.137,107,FL
1930157207,220.104.170.19,179,CO
2019422131,248.186.150.129,403,ME
2049413383,88.55.81.239,439,PA
1881352132,71.28.138.192,841,ME
851916799,112.100.136.136,499,CO
1991376780,253.118.160.226,241,NY
1500780064,66.4.241.19,18,VT
1920834379,210.2.78.36,761,NJ
1258762981,125.241.185.254,172,VT
1480968913,223.253.222.111,288,NJ
1673495738,159.103.44.81,613,NJ
1948094078,43.194.112.102,421,PA
1922150310,177.152.32.4,218,VT
1034311715,200.24.162.177,580,ME
900402277,69.158.130.56,459,TX
1642340721,34.95.113.192,627,NY
1904817549,226.79.227.134,984,ME
691552591,85.173.120.68,543,ME
1714352262,14.97.182.160,400,NJ
697336835,94.53.240.74,221,TX
1261091884,55.96.219.139,671,NJ
2063975795,1.89.234.100,622,FL
1933612733,14.224.254.216,739,PA
900948995,93.155.205.11,176,CO
890147778,203.62.33.177,199,VT
656770913,203.93.21.190,780,ME
1928340398,75.131.249.197,689,FL
2083016610,89.22.238.172,624,FL
2034164151,99.39.236.30,129,FL
1644311521,183.147.131.138,109,NJ
1162319048,51.44.66.195,156,NY
827055046,126.5.138.249,331,TX
952685547,26.126.193.163,988,CO
1660073848,50.19.163.67,974,VT
1009621546,40.165.180.4,29,TX
1891632047,120.55.185.243,642,VT
1636983301,231.91.133.15,245,CA
1426269961,87.195.16.94,216,CA
1853014722,46.202.146.213,10,CA
747366637,164.191.143.23,252,FL
2107737705,113.87.168.163,75,TX
1196982694,226.240.185.163,777,FL
1471968048,183.63.54.36,677,TX
2001562476,102.38.149.20,480,NY
842430073,119.116.120.140,775,NY
1463243187,178.101.26.6,553,VT
2038608501,154.85.141.159,479,NJ
643652363,189.192.164.81,546,CA
1702369953,71.226.162.78,414,NY
1539615308,138.155.118.17,34,VT
763546915,245.86.93.160,390,CT
1662018427,51.190.238.39,976,NJ
861752232,98.174.227.186,43,PA
1355310203,92.244.192.114,388,NY
1684244851,56.229.140.49,870,FL
1636979809,152.207.27.168,811,NY
1216195621,26.123.75.43,200,NY
2055321201,73.81.204.54,611,PA
2095148907,211.245.182.216,968,NY
1953662136,141.128.58.3,902,VT
1241867424,207.212.5.222,762,FL
1313574731,3.181.114.109,403,CT
720822923,115.41.125.107,512,NJ
2071272030,152.228.185.254,328,VT
1227122062,202.24.235.174,308,CA
979955639,26.227.179.131,824,ME
1669829103,60.20.158.204,244,CA
730442519,222.239.181.123,263,PA
1448014942,127.235.247.155,390,CO
670159340,150.24.75.9,198,NJ
767640036,3.70.189.211,739,NY
1327459412,181.178.123.25,873,VT
1419459242,2.63.79.248,808,FL
2051586861,253.197.187.13,999,NJ
1832121802,240.59.66.213,797,NJ
1254490509,227.244.239.213,352,CT
1692612621,68.100.69.13,540,CA
1891156491,244.157.121.246,305,NJ
1629527178,31.79.245.61,629,NY
1298246685,33.129.156.96,847,PA
1423926438,56.107.28.40,806,ME
1144251045,65.124.70.94,480,VT
1477370019,173.166.112.104,810,ME
1449519119,117.121.245.36,37,PA
1918581137,164.121.240.180,926,PA
2088511803,185.169.88.80,164,NY
882497595,28.52.218.222,870,NJ
1746507458,226.69.4.207,309,NY
739086252,49.37.16.170,207,VT
1625366007,92.130.88.4,196,CT
1364943832,4.244.92.77,128,ME
703789052,181.181.86.75,438,CA
1886466784,249.242.184.158,562,ME
827310460,147.213.91.144,750,NJ
745602326,233.248.239.4,223,FL
1909001733,245.115.176.203,828,TX
842662839,240.222.155.162,16,NY
1051726050,118.135.93.160,958,FL
1083193020,45.219.223.252,818,ME
1401953190,226.133.159.122,415,NY
2071566892,45.45.89.198,251,NY
1945278357,50.43.14.235,370,ME
1200327336,179.56.250.159,254,FL
1528028026,160.234.188.134,291,NY
1939437622,37.150.252.185,365,CT
896867841,181.142.92.134,229,NY
1620822972,87.45.250.108,62,PA
1682361554,68.29.12.79,361,CT
2005866935,69.139.218.141,364,FL
1242063992,36.164.145.11,563,CO
1751418370,8.154.207.240,712,NY
2003968176,206.249.71.6,565,PA
1675538309,131.142.43.177,270,CO
1168701367,150.210.242.141,267,NY
1751754075,198.116.49.202,97,CO
1650867282,224.186.74.169,84,CA
1953480468,172.239.149.202,781,TX
2068249655,72.208.224.221,366,CO
1394399637,112.215.173.130,743,CA
742684946,99.155.10.131,404,TX
1326765236,215.169.55.74,76,CA
827596008,15.201.214.102,694,CO
995713218,3.47.40.239,829,NY
1229424950,108.109.109.156,308,VT
1165291375,193.181.190.16,727,PA
865184968,224.74.23.160,319,CA
2041253362,243.41.143.240,914,ME
799914781,231.60.35.112,169,ME
1946494584,82.236.25.5,874,PA
1802256204,169.204.234.45,107,NJ
654540907,18.168.119.85,408,PA
663772262,73.227.4.60,876,CA
660818281,99.230.209.89,235,PA
1406201963,141.119.237.142,475,VT
1200673580,3.42.54.170,58,FL
2023308993,80.215.101.20,176,PA
1251610287,172.29.216.253,664,CT
633694606,96.75.137.148,299,CA
1544296881,85.90.60.237,36,CO
1396809737,144.192.57.70,583,CO
1221354671,212.70.50.254,940,CA
1745704511,83.215.138.50,328,TX
2097427028,162.68.45.222,373,FL
1320716755,37.120.84.178,877,TX
732685851,209.49.208.211,949,CO
1740594507,89.140.73.236,544,NJ
964333310,127.87.104.182,805,VT
1099441400,187.234.222.119,935,CA
895428874,136.155.56.68,143,ME
1681927802,199.207.219.175,303,VT
718623198,224.200.98.30,657,ME
700658300,83.203.110.132,1,NJ
2062295619,194.109.209.29,415,VT
1515115180,39.169.124.168,127,CA
1878802290,188.133.97.197,298,CT
668292779,116.154.65.214,419,VT
1800371680,81.181.172.230,391,NY
667377122,79.89.123.51,269,FL
1577047022,105.140.124.130,27,PA
1488056064,186.174.191.32,406,CO
1245237141,21.249.102.60,317,NJ
1855350379,149.75.117.149,170,NJ
1421935106,236.105.23.186,304,NY
952977329,111.60.20.1,130,ME
1022208759,166.229.185.162,41,CO
1064909271,38.137.52.215,686,CT
922875583,148.35.215.159,938,CO
635090003,28.17.186.120,559,ME
935194006,226.135.229.131,643,ME
1890737731,231.245.66.23,229,FL
1586845830,25.27.75.141,771,ME
1705577025,186.227.11.225,124,TX
1952709258,191.82.156.111,946,ME
999626757,22.30.45.224,68,VT
2017391217,147.29.100.52,832,VT
2086357816,147.12.229.7,487,CT
1118925129,230.168.72.90,62,NY
1499688182,25.153.244.115,158,CT
1890687836,142.163.44.172,122,CO
749622073,37.225.62.75,87,ME
1929030695,36.119.242.74,539,TX
914527427,242.138.63.196,734,TX
1126164255,16.1.43.55,443,ME
2073531458,5.115.156.217,637,VT
1536626106,57.93.122.243,248,PA
1208397650,145.26.9.28,356,TX
1436332718,108.214.150.240,31,CA
966753261,178.220.120.170,589,TX
2106652856,151.30.117.191,580,NJ
936736912,104.170.246.176,608,TX
1139431845,51.16.202.111,900,ME
1509585860,20.126.229.91,848,CA
1152646600,137.65.104.117,403,PA
1372251540,192.224.193.54,480,CO
1921163203,198.50.95.242,649,VT
786528025,52.82.173.158,668,CO
1550193354,240.127.192.131,102,CT
1321401806,142.147.236.25,313,CT
1120724598,31.28.242.50,304,CO
1861397957,149.32.135.3,943,PA
917737867,67.156.5.137,196,NJ
1013890070,81.121.242.213,348,TX
1482390759,79.41.94.0,279,CA
2061453415,170.158.218.238,976,CT
1352862291,92.205.23.190,144,TX
1320613135,229.254.12.251,836,NJ
1676905118,244.140.72.22,174,CT
1029533096,131.62.61.230,805,TX
1914399144,90.97.67.107,205,CO
1836720030,238.198.241.154,626,CA
933964237,254.174.217.121,168,NY
914919008,148.160.66.4,270,NJ
1750846889,106.226.8.6,366,CT
1132165947,116.32.76.204,457,PA
1945533136,113.46.193.50,445,CT
1607529762,198.196.83.33,852,NJ
2049378187,122.145.223.156,486,PA
930911938,50.30.75.252,675,VT
1862259692,143.173.181.186,920,PA
1754008130,39.49.124.1,94,NY
1386923242,190.130.168.63,167,NJ
1272686315,39.41.6.15,496,TX
1979129305,177.87.89.118,170,VT
695149488,123.21.103.23,990,NY
1734603837,19.34.198.98,496,CA
1216687443,162.21.132.4,927,CO
2027519950,52.37.142.73,75,NJ
739953010,2.168.188.162,337,TX
890581862,60.22.158.20,764,PA
792404617,218.70.161.136,76,ME
1496916934,37.139.64.139,502,TX
1469231946,206.171.192.102,230,ME
1526045811,202.91.96.181,824,NJ
1470171129,34.196.244.6,244,CT
723646615,68.31.233.89,372,NJ
1276197865,77.64.50.114,39,PA
1382933765,70.218.49.200,986,PA
1282522823,32.124.28.181,979,NY
665918859,198.166.64.110,897,CO
1625435070,132.88.231.140,223,FL
1172996699,66.4.154.138,719,CO
2023466257,88.123.208.124,889,CT
1014168423,117.111.8.176,489,TX
652666285,111.92.51.251,249,VT
1393273632,51.248.155.140,846,CO
1480201189,251.126.135.153,511,CA
702260241,227.224.137.214,474,FL
1118965969,200.102.167.107,104,PA
750948997,246.67.111.234,923,FL
1172888452,249.123.108.106,280,PA
907501954,95.18.140.74,155,ME
949856877,248.87.92.92,465,FL
2083977005,163.137.89.165,220,TX
2019623076,160.176.227.205,100,PA
1044400938,203.229.162.50,800,CA
1534772799,243.23.61.248,9,CT
1965548280,198.170.123.57,555,CT
1711682432,237.52.107.165,85,TX
1613702717,45.169.223.142,977,CO
820498394,35.126.246.243,91,FL
1184218881,0.142.24.63,561,CO
1575465067,123.220.123.191,142,FL
1253836853,63.51.74.72,310,ME
1254274015,97.138.77.148,685,FL
1166519344,122.7.80.171,591,CO
1996975794,181.97.68.27,521,VT
1592164239,64.223.169.228,154,NY
1452002615,31.83.182.9,352,FL
1720584347,192.229.28.188,697,VT
1831458675,142.159.186.190,447,PA
852900963,19.11.234.82,490,NJ
1884501487,44.254.150.112,83,CO
1204525935,95.152.120.192,347,FL
2079025082,133.158.107.197,321,VT
2051265458,211.220.123.51,629,PA
1491444082,91.180.107.32,107,CO
878746089,82.87.194.118,872,NJ
1201538952,156.41.166.8,844,ME
1472540202,89.192.55.204,705,CT
2073351737,185.149.66.66,438,NJ
1447745452,0.199.231.248,284,NJ
1497175947,2.34.8.6,478,CA
882583262,157.241.248.16,120,CT
1253288706,195.104.13.150,919,VT
1563833484,148.230.50.197,901,TX
2035305213,189.98.21.49,489,CA
1283650860,119.7.52.128,448,ME
1466033658,151.51.52.1,512,CT
1673353679,177.76.14.35,998,TX
849081706,249.205.52.236,542,FL
947828384,0.11.17.47,944,CA
706384920,113.96.39.99,664,CA
1731928667,136.50.69.42,347,NJ
1463051700,149.247.97.91,766,NJ
1070273139,51.211.114.10,547,TX
988826380,41.230.27.73,121,NY
1283125857,119.125.211.157,228,CA
990383880,202.32.17.12,776,ME
1498438997,216.27.20.7,893,NJ
1686107725,90.20.102.119,895,CT
1558251537,43.24.157.0,94,TX
1561496767,196.108.137.254,100,TX
1473909398,136.162.208.201,14,NY
1109876965,116.111.120.191,62,VT
1759820240,251.34.208.137,699,PA
1266524050,221.109.196.116,296,TX
1294931476,47.38.167.175,393,CA
952331357,144.196.166.114,944,NY
913323317,62.169.26.56,230,VT
1039085137,60.48.34.147,538,FL
1001059832,65.61.201.65,778,CT
2091332461,174.45.70.250,385,FL
1889814283,132.6.223.171,58,FL
746019983,30.170.207.236,254,ME
1572134233,163.125.253.134,144,ME
1307677714,60.107.194.38,687,NY
928998326,176.167.84.74,906,ME
1183830454,134.24.58.91,91,PA
1725546332,189.226.247.123,233,NY
660789600,236.141.131.180,594,VT
937951313,149.32.142.67,946,ME
1625894021,141.226.117.247,349,FL
1026945790,132.49.193.210,137,CT
1506946982,191.40.130.186,964,NY
1489661948,175.67.128.15,801,CO
2021016759,224.71.95.244,800,CT
680888465,193.203.233.21,10,ME
1854459959,139.169.81.99,667,CO
1370140830,115.225.227.248,752,CT
1242736909,248.159.246.240,859,NY
753206578,46.132.148.240,140,CA
1382625332,69.160.8.58,796,CT
1411021544,87.32.46.99,254,CO
1835321183,179.49.156.188,744,CO
1938068604,92.164.31.89,968,CT
1636693262,153.164.93.29,942,VT
1289689277,170.195.111.65,813,TX
924885265,9.39.44.244,589,ME
1961010443,252.93.41.122,925,TX
889508382,147.39.242.191,687,VT
784966486,120.236.24.125,657,VT
1832736891,150.182.238.133,467,TX
1632091106,66.24.157.12,747,CT
643293679,86.39.181.140,9,CO
1512442786,102.10.188.143,105,FL
963840108,193.95.65.209,465,NJ
1261149565,54.27.229.139,220,CA
1323900224,137.80.16.81,666,NY
1711782976,37.70.152.49,422,NJ
1788833694,51.31.137.133,57,FL
1839799810,180.152.51.162,244,PA
1608471776,28.178.173.73,998,CA
732614431,95.184.124.233,504,TX
1504677529,126.251.243.105,228,FL
1585943316,149.52.79.229,10,ME
1623508710,236.200.117.46,782,CT
791574882,42.92.197.215,633,CO
1418686190,154.100.55.168,55,ME
1588696978,71.1.62.53,245,FL
1172424332,183.200.115.90,809,TX
1006919435,215.113.210.236,298,FL
1798886853,139.214.167.182,171,FL
1767190447,144.198.161.60,744,FL
1425314039,79.95.92.58,178,NJ
885632876,71.164.128.209,838,CO
1896736439,176.171.205.72,31,TX
1514574864,92.183.188.171,426,TX
1959834841,21.166.197.185,828,NJ
1761565924,31.110.225.188,651,NY
1585670718,108.25.208.184,995,CT
1923642066,203.224.170.197,714,ME
1168771051,202.177.217.145,323,TX
1034540435,140.80.250.192,786,ME
1031480413,115.20.30.178,582,VT
1948270728,200.33.127.173,622,CA
1948454930,172.205.34.134,745,VT
851417978,86.212.203.211,597,CO
868280831,200.131.243.123,716,NY
665469314,67.237.221.211,12,CO
1078881594,25.25.25.239,359,NJ
1285085675,254.90.217.28,213,CA
936825088,209.41.181.225,325,NY
1578433047,186.157.31.103,464,FL
1573370294,110.150.188.238,729,FL
1523312137,226.62.42.50,572,VT
1672730612,244.177.113.150,468,CO
1789112272,207.52.62.64,674,CO
733548510,137.46.229.44,428,CA
1746816793,56.112.74.232,609,TX
1348286704,10.202.106.117,440,CT
1712622596,183.195.65.239,892,TX
674636868,199.154.254.254,249,NY
1651997056,112.63.14.171,435,VT
949916877,202.172.224.93,47,TX
771160167,171.73.197.114,646,CA
1564154233,151.89.162.168,650,CO
1327158789,81.84.242.74,206,CA
1993939987,73.129.240.12,638,FL
927113496,65.142.232.202,335,VT
795776978,69.105.88.29,931,CA
1728671876,115.77.107.27,88,NJ
1065648316,163.95.67.92,78,FL
1253372352,16.75.220.12,168,FL
1013083823,68.117.194.219,513,CA
1959023160,92.135.126.32,90,FL
1833247818,106.27.194.47,799,NY
692709896,121.14.170.197,463,NJ
1676764213,31.188.108.253,609,FL
1035969188,51.31.116.29,935,PA
962418814,11.69.24.117,429,FL
948138538,187.83.220.212,658,TX
1900745714,55.158.146.79,111,CO
770684003,189.166.78.95,262,PA
1475556398,43.172.23.154,93,CO
1493293804,21.167.234.25,640,NY
1587252605,221.140.191.24,742,ME
990174702,81.246.92.39,675,FL
1504132076,207.130.118.69,939,NJ
1702907860,2.46.59.64,55,ME
1439352017,85.159.17.100,303,CO
980257150,232.22.16.201,582,PA
2031949863,229.209.166.179,162,CO
1355212506,132.119.149.169,950,VT
1061677936,202.241.149.229,97,ME
1728362641,85.0.100.247,175,NJ
1152088721,16.214.185.135,353,ME
1458564165,4.251.6.139,968,TX
2106501281,185.170.43.84,411,NY
1091046693,86.167.199.145,69,CA
2019006381,60.180.140.170,318,FL
1154242388,133.214.90.17,342,CT
1829036014,131.254.149.27,313,CA
733837536,33.73.44.167,509,TX
913530245,100.103.58.44,267,CA
1692666251,241.95.167.14,905,CA
879487509,194.99.230.242,714,NY
2010749202,216.94.142.210,666,CO
1590709174,74.137.172.253,260,ME
1791031149,54.5.71.143,128,VT
1231247294,55.223.83.210,809,TX
1970826100,220.244.114.1,819,VT
1339854322,192.90.209.140,805,NY
667251668,154.145.37.10,658,FL
956536737,56.57.52.213,577,FL
1886608133,47.228.241.165,722,VT
2104276581,171.74.174.16,826,FL
1195249736,47.189.98.243,953,TX
2085025014,167.135.188.219,427,TX
2098045513,234.68.162.228,545,CO
1011519610,24.100.181.97,236,FL
1464485313,168.194.209.67,376,FL
1406924574,23.210.67.89,316,CT
1871130392,96.26.38.193,17,CA
1274618226,164.50.197.70,943,VT
1792338854,85.69.117.113,250,CA
799148281,102.63.127.15,395,FL
937809187,36.80.104.3,894,CT
1266108636,84.84.26.137,956,NJ
1648549625,153.9.98.122,994,CA
1184630645,61.237.22.147,38,CA
1677616177,25.231.45.157,381,CO
868389207,167.3.20.139,74,VT
1824926620,45.178.182.149,799,ME
2106674918,169.51.222.120,147,VT
1450176684,98.237.68.3,763,TX
1473289094,115.150.215.186,688,CT
1629788545,97.18.217.133,875,FL
1245084315,159.119.195.244,70,ME
772528571,40.69.105.92,630,TX
1877125496,9.3.63.139,480,FL
1830219689,33.247.51.106,847,PA
1594478814,13.226.151.160,255,TX
1606245598,26.245.209.138,922,PA
930292331,83.160.156.61,167,CT
1387327329,13.222.134.66,799,VT
922496141,59.181.54.45,851,ME
1976882913,96.35.8.171,617,ME
929890435,219.149.178.187,232,PA
1482847038,156.222.185.44,729,VT
1508186505,102.167.186.208,264,PA
1686765531,99.253.103.18,659,TX
675400017,94.8.234.188,716,FL
1545427345,34.111.218.146,352,PA
1917412050,229.141.211.35,559,TX
1526896877,221.62.198.11,453,ME
1110322064,207.103.247.217,495,PA
1781492446,105.117.56.163,45,FL
1563194333,245.147.29.134,205,VT
2075510688,19.88.187.250,476,TX
804648973,123.65.124.195,943,PA
1194526457,73.109.179.71,63,CO
2083335445,165.144.57.92,645,PA
1850760156,112.78.233.64,206,NJ
1820311571,112.248.223.149,826,FL
1298613918,135.106.169.135,292,NJ
1140505904,244.13.40.72,157,ME
1847060520,76.21.9.175,673,NJ
1419253352,106.24.74.22,726,CO
1326868098,155.180.167.85,81,NY
879382843,213.171.49.217,963,NJ
687569617,112.58.222.107,973,CT
1141652709,16.81.187.190,955,NJ
1288210726,13.128.50.95,456,CA
1585694184,183.240.16.11,847,CT
1766968742,185.1.67.108,490,FL
1184895018,72.231.27.176,398,TX
1083970488,112.210.54.31,509,ME
888460379,247.69.171.254,120,CA
1825495730,39.89.96.166,46,CA
1158904584,72.211.195.19,996,NY
1592768106,10.27.113.154,277,CO
972527831,113.171.45.187,514,CT
1580591930,123.142.75.137,393,CO
1345917608,147.95.148.148,745,ME
1752271506,135.206.208.56,961,FL
972891496,65.69.213.79,130,NJ
1561302638,127.73.230.33,923,CA
664879164,74.67.253.223,88,FL
2068054859,43.94.28.25,983,CT
1425522979,14.107.208.222,907,CO
1729677885,4.150.79.27,618,CO
775857498,86.160.94.182,259,FL
1796487079,91.37.61.104,29,CT
1498315556,71.138.147.205,116,CA
845285285,122.103.246.103,550,NJ
1536440346,151.7.210.100,220,CT
1228247555,52.235.247.183,244,NJ
965468148,176.61.154.247,447,NJ
1416769252,131.141.245.62,116,VT
1967006920,128.111.62.126,383,NJ
1176164918,214.33.211.154,371,TX
2024718760,22.97.174.119,675,CT
1679820035,54.171.102.153,887,NY
2074932897,61.69.206.225,189,CO
883741863,37.237.234.154,945,CO
892796787,30.63.182.145,695,FL
1960359725,46.117.214.95,128,CA
1811572018,163.159.250.186,439,ME
1664273086,90.26.186.56,495,TX
886475089,182.179.125.73,606,NJ
1717187069,170.106.74.84,104,NY
1605171382,202.2.74.228,5,FL
1995396343,230.99.29.2,469,NY
1349154010,34.11.187.25,810,FL
1286828959,167.245.170.164,327,PA
653750540,157.33.154.198,268,VT
1841340187,192.159.132.105,515,ME
1302680897,163.238.64.124,490,FL
1267677987,77.112.24.76,39,CT
1894685628,159.203.154.132,290,FL
1933860003,52.77.187.221,439,CT
1583543750,146.238.100.197,535,NJ
2086807772,16.5.26.194,75,CT
1469893098,83.181.2.80,578,ME
1147192350,105.227.67.129,399,FL
712870869,147.39.197.129,207,VT
1472031386,59.152.223.15,396,NJ
2028318775,193.203.112.233,455,VT
1512693699,85.206.27.140,781,PA
2070142795,87.51.106.16,62,PA
961264161,163.38.56.80,424,VT
1469795094,75.24.5.77,704,VT
910021857,63.23.150.193,375,FL
1639130840,29.187.232.44,511,FL
1020890366,0.175.74.168,640,VT
1605318730,144.204.236.124,224,NJ
1819365172,12.77.69.109,435,FL
1061616930,55.127.220.61,721,CO
1599299505,199.211.194.59,514,CT
1981340939,222.187.5.143,297,CO
756540796,5.165.217.179,735,FL
1601978514,18.143.212.115,850,FL
804122314,198.177.147.210,308,PA
875779205,45.29.25.164,875,CT
905441406,140.45.136.234,250,CA
1914399303,192.196.106.209,260,NY
1278639926,225.46.7.212,671,VT
817346748,224.209.241.27,506,CO
842994634,43.250.153.229,172,CO
1395047513,240.235.61.167,879,NY
1386753754,240.0.172.226,147,TX
829096109,200.126.101.91,599,ME
1863568638,212.57.185.140,678,FL
766111286,168.99.98.124,101,FL
985985739,219.152.168.159,525,ME
1820408686,200.203.184.123,717,PA
1207684152,116.186.212.15,249,ME
1728020306,150.8.152.170,833,PA
714163052,58.27.142.130,218,TX
1648140860,185.133.97.75,48,PA
2106084292,192.26.166.225,422,TX
1058462007,174.180.138.28,508,CO
1627960293,120.134.58.227,406,NY
1445593417,13.38.122.135,48,CA
1177038248,160.60.238.61,982,CO
1306818282,132.180.190.240,972,ME
1115402678,7.45.14.146,256,TX
1968355759,6.182.26.224,922,TX
1155716614,46.61.63.145,850,ME
1318286164,116.210.2.222,945,NJ
1363076144,63.121.108.21,447,TX
1414882190,153.3.208.115,708,ME
662346751,232.225.60.230,957,VT
1719611420,48.170.62.110,881,NY
1429722286,78.46.182.69,47,NJ
1340924208,8.4.132.62,115,CA
1391204079,80.136.6.187,589,FL
1538130505,5.9.141.175,821,VT
1443605677,4.65.37.139,911,VT
1812362255,219.113.9.114,324,CA
994522659,242.115.103.102,281,VT
1216731452,182.167.10.123,307,CA
1753283326,106.184.231.103,794,FL
1043652015,120.141.32.228,475,NY
1122572171,193.70.143.9,490,CA
668719030,194.167.68.191,602,NJ
1767128533,231.135.137.87,615,NY
1116227875,66.248.78.50,771,CA
783936773,250.96.140.114,827,ME
1588289388,66.222.237.61,213,CA
1728223730,30.207.56.154,460,ME
731461936,115.70.54.20,159,NJ
1041989466,234.253.29.129,516,VT
864295119,160.38.163.58,217,TX
1859689358,221.58.232.87,867,TX
1586969204,81.163.171.54,812,ME
1670875801,82.107.248.100,576,PA
1401785147,201.114.146.66,968,CO
658503935,115.8.42.30,345,TX
1177241389,225.125.203.136,983,NJ
1418895048,16.224.37.204,358,CA
667704092,214.120.27.83,534,NY
1393102728,218.69.180.121,238,NJ
876320662,127.200.36.204,145,CA
1517283158,219.102.240.184,33,NJ
2051648058,204.40.207.23,927,CA
1371666258,168.173.202.167,505,CO
708870341,74.9.7.194,796,CO
1779949527,129.118.48.121,770,TX
674057325,188.210.230.149,255,VT
848051035,178.11.65.37,665,TX
1215382408,48.106.205.164,53,CO
721858765,23.13.167.230,318,ME
1651824796,125.168.62.86,350,NY
912505863,252.42.171.10,813,TX
753145895,101.54.142.157,143,VT
1429916458,121.111.141.77,639,VT
2078800490,195.173.84.227,263,NJ
2003764535,205.236.14.172,65,CO
752070983,185.195.194.31,380,TX
1402857685,195.165.221.25,853,CA
833116921,20.10.89.77,122,CO
1138369536,152.105.14.234,225,CT
868706716,111.108.15.162,994,PA
2044804862,188.148.88.252,370,ME
1273396342,27.16.0.45,774,NJ
1939656103,48.68.208.85,880,VT
721199253,137.43.65.198,369,NY
1067648288,36.147.237.135,323,CO
1928842254,43.71.140.106,704,VT
980722609,56.15.78.193,274,PA
1995635210,89.47.224.226,95,NY
1908999330,49.127.17.33,584,CO
1039795294,24.145.112.81,412,CO
1893195003,13.138.156.214,976,VT
2024269854,166.64.183.192,681,CA
1504007907,71.234.62.138,408,CO
1047421316,206.183.64.29,356,FL
767240823,185.60.32.28,246,CA
1767313050,83.196.34.177,319,TX
1139358707,223.56.141.60,784,TX
1368382801,91.118.182.182,257,PA
1744515354,114.12.2.131,175,VT
1402386047,252.23.145.167,109,PA
1608513114,118.164.53.161,384,NY
1019340302,150.2.96.194,683,CO
1393307729,185.115.73.10,952,FL
1444533073,84.80.206.231,376,CA
1719113120,189.188.173.37,978,CA
2048635927,221.111.33.46,405,NJ
1935858080,0.246.239.196,492,NJ
1094171562,115.8.185.215,845,CT
744163953,246.240.21.229,16,NJ
1719957367,215.117.5.64,762,NY
1085031268,133.21.63.35,408,CA
1765511619,17.132.153.109,577,NJ
1695029183,115.68.49.66,751,CT
1102020881,151.189.159.239,456,CA
1006162221,80.1.77.233,188,NJ
738186248,43.90.147.164,688,NJ
1612828710,253.188.92.184,258,PA
2024433296,248.172.219.86,870,PA
1662957591,112.94.214.32,826,CO
1983678938,152.72.124.234,32,FL
1608325026,164.42.106.179,204,ME
1436119540,132.35.71.166,720,PA
823524273,47.77.157.57,744,VT
1733289993,54.163.80.234,127,CT
1259160206,135.126.67.46,16,PA
1908068425,252.129.72.148,387,VT
1563916348,152.62.143.254,223,NJ
1098660487,185.67.140.194,381,PA
692507863,138.46.27.20,773,CO
1836490443,28.137.131.48,693,CT
1517448837,202.49.91.76,103,CO
1862349063,116.172.181.154,983,PA
1904792865,156.50.222.118,998,VT
922520519,81.148.230.188,199,PA
756107955,11.116.235.190,342,FL
746641594,213.201.91.224,123,NJ
1568504102,176.187.232.127,523,FL
980023086,116.173.122.168,222,ME
1516647495,21.43.128.134,809,ME
1558472188,139.46.236.83,314,CT
1327937456,121.147.110.224,716,NJ
946500507,204.23.203.19,729,NJ
1539677236,21.22.114.20,916,ME
1748158425,4.144.26.125,531,CT
1003622774,123.147.63.254,10,NY
1517038680,12.209.116.70,338,TX
1642829621,205.159.43.17,359,VT
1700022215,131.55.81.115,642,PA
1397069455,30.102.230.202,437,FL
958625211,92.210.84.202,593,VT
2002374018,17.83.48.70,371,ME
1500458687,81.205.221.111,428,ME
1166755223,111.100.84.61,516,ME
1333253359,118.28.52.27,602,CA
935676638,130.88.212.4,549,PA
1760891322,43.79.72.62,977,CT
1876000646,233.23.179.8,436,VT
1355471854,92.42.202.192,886,CT
1362546614,44.150.47.250,342,ME
1522075582,137.133.202.180,720,VT
848383197,79.139.39.172,735,FL
650427503,22.126.132.192,720,VT
765901951,221.38.236.68,682,FL
1359764940,251.90.75.117,856,ME
1557816466,231.199.101.188,160,PA
1567465992,122.131.48.224,176,CO
723898594,176.138.23.202,55,CA
1979907687,186.171.80.146,385,VT
1814800920,0.207.97.95,707,NY
670443040,88.25.100.78,402,VT
1360711350,241.220.119.88,768,CO
813467334,23.186.210.139,320,CO
1464387830,223.74.9.44,629,VT
642373680,193.73.79.72,109,CT
1743020398,212.60.128.114,532,CT
1434218675,168.35.91.253,902,NJ
1734915682,145.98.228.11,83,PA
807747900,198.229.21.218,651,ME
1529064274,160.206.204.88,616,CT
1888551096,251.93.217.236,38,CO
1148345586,105.195.43.89,359,CT
1955175915,2.246.132.8,501,ME
1416101553,170.124.177.98,258,VT
1249118344,122.184.190.239,305,NY
1267203404,45.189.82.191,451,CO
1820072738,40.186.81.142,582,NY
744085084,169.7.157.169,568,VT
779219000,193.153.169.72,357,ME
997153461,118.72.66.217,512,FL
1375942148,195.224.212.46,616,CT
1124094013,68.242.81.235,691,FL
1426564872,156.25.38.104,919,VT
876452607,99.91.5.44,734,CA
1631309233,243.204.244.253,918,CT
741195749,228.8.60.31,582,CO
1319849268,146.179.39.222,950,ME
1500521134,57.34.63.1,133,TX
1742025763,74.108.174.74,835,FL
1175866327,54.241.53.133,534,FL
1258921090,222.81.169.219,861,NJ
1778882228,165.129.198.46,33,FL
1759433439,114.132.81.159,147,NY
2000347747,151.6.137.102,439,FL
798848433,34.19.93.111,157,CT
645910647,51.164.139.64,394,ME
1583374877,9.167.176.66,88,VT
870937778,23.146.153.221,930,CO
1675519319,30.100.107.69,495,TX
1490379384,40.234.125.67,743,CA
679804781,142.154.242.126,640,CO
1791035936,77.198.59.105,201,ME
975086623,249.101.55.122,88,VT
1454458868,174.131.49.28,946,CT
1574421762,74.52.252.14,622,VT
1871420948,152.117.59.240,211,TX
1440832652,221.239.88.28,639,ME
1718942846,74.133.235.42,612,FL
730907902,48.128.208.151,453,PA
1817902058,171.27.64.176,848,ME
1697115753,15.176.34.98,414,ME
1785620395,114.45.18.23,399,FL
1950943938,59.217.238.225,898,ME
1665040351,178.153.25.145,648,NJ
1220886614,165.189.252.47,285,CA
768216548,231.190.144.177,712,ME
1243406140,179.24.153.164,131,PA
2057865889,29.131.16.85,638,CA
1420268959,159.161.172.1,886,CO
2041085792,92.9.6.184,838,CO
1789845543,36.202.96.121,594,PA
955541993,59.32.23.104,129,NY
1985631523,108.184.199.71,721,CO
1050394134,43.55.4.236,95,VT
1073309896,39.99.64.187,441,CO
1247093305,109.209.64.123,457,PA
2107552062,155.8.12.52,144,ME
1659424874,130.50.106.66,53,CO
1517511420,48.56.182.139,314,CA
829582220,166.191.171.134,49,PA
1329350657,133.226.166.192,806,FL
1910569489,24.47.6.150,326,CT
1378643518,41.183.97.210,256,CA
1804608397,20.137.85.198,631,VT
956648419,0.3.199.61,761,PA
1205414195,3.18.236.115,612,NJ
1459460301,136.155.172.186,815,TX
1815925189,184.5.206.197,744,PA
1283892387,82.50.233.189,377,CA
1636841132,99.64.197.186,998,NY
1380385920,79.219.9.113,350,TX
1651539276,72.30.57.156,573,CO
1457421948,232.184.117.83,58,CA
1692100604,159.172.177.77,243,VT
804653648,22.28.69.241,385,NJ
1538496093,151.242.83.36,726,CT
1835684854,79.225.164.232,499,CT
1336252080,218.13.122.59,171,CA
1184046369,47.56.241.115,928,VT
929973894,74.6.60.45,612,VT
1606501154,133.176.234.109,601,PA
905790999,167.162.112.42,886,NJ
950200045,14.205.189.17,882,PA
637527746,32.71.216.178,774,NJ
1254456789,124.181.7.138,3,PA
2111803637,13.91.15.236,757,FL
659770201,1.198.106.170,638,PA
1617423724,25.99.60.51,327,NY
2082551280,81.29.239.29,436,NY
789587414,201.159.34.104,658,ME
1848104231,141.26.32.1,747,ME
1922235248,56.16.124.38,925,NJ
1680450873,117.6.99.67,205,NY
953771499,113.89.169.180,87,CO
2040118830,53.126.51.117,692,ME
2034659997,227.123.103.248,936,PA
1525848033,38.63.184.22,958,CO
678174126,40.216.242.72,854,CA
1134922870,129.171.126.174,818,CT
1523600391,221.80.220.158,813,FL
1054123440,62.155.108.138,709,PA
1125595018,226.229.204.156,364,CO
1636320613,172.180.110.14,32,CA
1299544941,112.53.104.164,133,TX
1129970425,103.18.121.122,905,CT
2096961088,36.165.218.146,538,CA
2084270698,110.50.94.117,519,CO
1614841475,138.79.191.70,16,PA
1437392090,86.16.176.249,170,NY
822234970,9.77.160.44,813,PA
777043009,169.173.252.118,23,VT
644142054,229.114.160.43,360,FL
1201590698,231.170.203.50,788,TX
1374685543,231.168.72.116,787,CT
2079568534,208.114.28.82,437,VT
705622091,110.53.94.220,724,CA
1033134140,180.145.211.243,660,PA
1367543204,225.230.243.191,579,CO
2094088035,118.130.187.54,872,FL
1350840425,193.50.60.171,138,ME
1958024328,202.208.4.237,439,CO
1609201739,187.79.217.225,334,CA
978759617,240.19.64.29,412,PA
676621379,35.158.126.143,432,TX
1791038979,148.168.52.82,857,NJ
1253284201,155.151.174.25,794,CA
705066900,202.206.136.17,938,CO
1720683476,88.45.71.56,36,CA
1838689644,20.31.78.150,779,NJ
788927237,97.63.58.92,600,CA
1301462118,108.36.178.117,523,CO
1535788304,112.147.101.249,345,TX
1149857841,135.128.241.1,525,CO
1678195069,20.215.185.94,250,CO
1109785418,155.16.134.139,361,TX
1833235338,59.111.179.86,205,TX
1877777865,51.61.63.74,497,TX
1673557707,62.107.104.5,782,FL
754605586,14.100.169.241,290,VT
1475753314,237.206.125.183,83,VT
2105550205,128.192.1.237,707,CA
1894212067,9.244.25.91,936,CA
833441208,207.188.169.3,74,NY
1323133815,18.41.34.50,129,TX
760934711,254.91.101.8,167,TX
1458903956,235.80.130.121,507,CO
840353436,75.154.162.247,410,TX
1773834151,192.158.154.206,915,NY
1405500461,233.142.28.210,30,TX
1904155855,27.65.193.23,780,FL
853462020,106.130.164.187,7,NJ
1436410277,228.63.196.239,848,FL
1728456418,116.181.151.19,582,CA
728373022,24.187.85.123,163,TX
2106230316,57.239.123.29,421,ME
1375440320,128.190.212.222,389,ME
1711725422,55.240.209.170,668,VT
1606714851,43.152.144.190,981,ME
1516239158,123.169.27.182,744,VT
1602874143,241.1.246.27,209,NJ
1742679614,241.78.180.125,195,CT
898283480,217.110.181.144,38,FL
2073548345,186.43.186.26,338,CA
837450751,238.135.250.167,767,CT
2046659729,117.60.144.29,230,CO
1642194900,143.245.171.21,957,FL
1549913318,129.130.188.85,828,NY
1860688569,146.45.200.65,200,CA
1040532645,116.171.93.194,55,NJ
1431683534,214.250.152.202,766,NY
1692328272,13.59.73.156,382,FL
903121359,148.17.197.84,135,CT
1953293771,156.157.68.200,457,TX
1632563923,12.120.48.210,996,VT
820532256,230.58.200.244,389,CT
1148973393,69.101.160.174,50,VT
1724795135,212.175.38.170,686,PA
1518501275,19.223.85.92,328,FL
1829436527,54.79.106.25,170,NJ
666735880,126.92.228.63,813,CT
631951014,73.155.77.36,317,TX
2110407818,43.250.13.165,666,NJ
1714374857,193.148.152.106,543,CT
1371591150,13.177.233.178,473,CA
2075809824,57.165.154.31,703,FL
1185646890,21.80.111.230,828,ME
1971799957,71.40.233.72,620,CO
1978367837,245.217.156.22,133,PA
1180960289,182.236.130.230,449,NY
946440076,26.220.35.148,775,NY
1892158491,170.188.36.42,92,ME
1269768158,89.120.150.171,834,CO
1934671439,173.74.236.153,398,ME
1535610867,242.49.169.149,755,VT
2078926541,157.120.185.165,688,CO
1183923089,6.182.61.152,665,FL
1533447237,182.123.145.56,682,CT
801062028,213.45.44.99,39,NJ
1417891154,112.126.93.101,933,CO
886419579,247.159.49.78,536,CA
930569363,202.238.239.75,17,TX
1289322267,53.212.195.172,441,NY
1189296648,14.44.15.175,430,CT
1473310149,9.79.247.74,528,NJ
1979061327,88.197.79.205,371,CT
1412374277,211.14.98.215,397,NY
1685298000,138.13.168.245,68,NJ
1405470398,166.81.216.203,328,FL
926495067,3.90.131.220,789,CT
1124539245,233.82.194.88,503,CA
2031926692,155.132.142.18,513,FL
845749779,66.113.114.183,316,FL
1195144287,219.204.41.98,58,CT
708403509,20.186.164.144,721,NY
1201890672,100.2.219.78,951,NY
1504897441,175.143.236.85,864,NJ
2022553277,229.4.41.29,525,CA
1406528446,90.68.205.144,742,FL
1629907707,103.118.122.173,412,PA
1483498827,27.218.80.121,799,ME
1821335502,170.48.137.128,554,CA
725338638,156.28.62.247,652,CO
1605944182,133.30.144.240,467,FL
1025889581,37.210.78.147,32,CT
1334374186,134.216.21.182,129,FL
763853265,245.242.78.168,691,CO
1395352184,217.238.209.182,430,FL
671639543,20.236.28.236,418,CT
1439190348,254.60.252.86,937,CT
1158703299,213.64.229.219,599,TX
932513155,162.140.236.186,641,ME
2075670063,3.59.65.254,515,PA
1750549172,162.199.52.166,741,CT
944765374,208.16.134.173,152,CT
739860133,180.121.14.232,924,VT
2088229541,7.87.236.93,257,NJ
2101095394,16.202.157.88,212,CA
1917605815,165.202.98.7,547,TX
1617313828,148.132.131.141,378,FL
787270695,242.127.47.134,77,NJ
1415764467,23.24.38.166,552,FL
1132236104,52.49.229.182,72,ME
1132509510,127.187.215.194,232,CA
1555939840,10.229.172.75,252,NY
1439401791,33.22.246.193,776,TX
2093369242,100.239.49.159,913,ME
1289108445,139.79.207.42,538,ME
1951438735,36.140.197.216,955,NJ
2069954577,116.103.251.161,696,ME
1720923248,64.236.72.248,505,VT
2064821712,140.206.52.32,652,PA
1519667755,249.3.198.198,494,ME
1142710582,173.103.238.241,851,NY
1315879295,188.113.34.185,114,PA
818225844,177.220.221.70,969,CA
1271730985,2.91.7.180,497,FL
1586305563,43.47.201.93,829,PA
1588410357,76.64.98.229,111,NJ
991235974,53.34.46.191,44,CO
1220099028,228.234.196.52,6,CT
1305890230,59.73.253.194,219,CA
680952750,33.202.212.164,187,NY
1276596656,245.7.132.224,932,NJ
1446400056,72.15.190.0,19,ME
719319056,159.18.125.89,59,ME
1916387611,35.14.235.178,745,CA
988421235,30.101.146.69,642,PA
1035010648,86.10.133.178,410,CA
933263697,171.43.233.213,269,CO
783635099,3.248.213.50,676,ME
873379219,51.234.45.243,274,ME
1429595661,60.124.233.23,939,ME
1386885904,183.87.5.189,100,ME
1270094101,229.117.148.226,528,FL
783786112,50.10.151.4,952,CA
1317295054,161.100.180.14,513,CT
828063110,58.109.156.222,714,VT
1596104920,75.201.71.200,565,CA
740274376,227.114.154.92,571,FL
1203172455,214.41.178.180,52,CO
680911774,49.229.81.216,385,CT
1107575630,47.175.45.163,731,ME
1405794710,250.153.206.41,183,ME
939159717,251.243.156.177,656,CO
1926537936,192.67.235.60,425,ME
937694109,58.68.163.59,981,NJ
1747107466,160.68.192.214,737,TX
1738237895,226.4.106.83,306,FL
1759729135,243.20.229.151,553,CT
1548096132,5.69.18.147,774,NY
2046690510,235.203.202.2,428,VT
838412817,35.243.15.89,858,TX
754823148,31.143.63.207,788,TX
1163185563,97.217.171.222,641,PA
917410159,53.105.108.18,413,NJ
1778467712,69.37.140.43,668,CO
763874985,43.177.98.199,893,CT
1232571714,33.237.219.229,118,CT
1817142996,80.197.185.246,47,FL
1716329910,156.56.130.25,851,VT
698448724,27.33.99.41,18,CT
2013622623,1.253.83.153,474,ME
1031733579,37.228.14.167,924,CT
1737814531,53.97.45.149,700,NY
822298232,93.39.78.50,170,CO
1063771651,233.192.49.216,244,CA
1155359898,114.112.218.19,536,CO
1377518788,205.212.108.50,424,PA
1379929281,56.215.61.34,922,TX
